北海道1区,北海道,,札幌市,中央区,
北海道1区,北海道,,札幌市,南区,
北海道1区,北海道,,札幌市,西区,
北海道2区,北海道,,札幌市,北区,
北海道2区,北海道,,札幌市,東区,
北海道3区,北海道,,札幌市,白石区,
北海道3区,北海道,,札幌市,豊平区,
北海道3区,北海道,,札幌市,清田区,
北海道4区,北海道,,札幌市,手稲区,
北海道4区,北海道,,,小樽市,
北海道4区,北海道,後志総合振興局,,,
北海道5区,北海道,,札幌市,厚別区,
北海道5区,北海道,,,江別市,
北海道5区,北海道,,,千歳市,
北海道5区,北海道,,,恵庭市,
北海道5区,北海道,,,北広島市,
北海道5区,北海道,,,石狩市,
北海道5区,北海道,石狩振興局,,,
北海道6区,北海道,,,旭川市,
北海道6区,北海道,,,士別市,
北海道6区,北海道,,,名寄市,
北海道6区,北海道,,,富良野市,
北海道6区,北海道,,,鷹栖町,
北海道6区,北海道,,,東神楽町,
北海道6区,北海道,,,当麻町,
北海道6区,北海道,,,比布町,
北海道6区,北海道,,,愛別町,
北海道6区,北海道,,,上川町,
北海道6区,北海道,,,東川町,
北海道6区,北海道,,,美瑛町,
北海道6区,北海道,,,上富良野町,
北海道6区,北海道,,,中富良野町,
北海道6区,北海道,,,南富良野町,
北海道6区,北海道,,,占冠村,
北海道6区,北海道,,,和寒町,
北海道6区,北海道,,,剣淵町,
北海道6区,北海道,,,下川町,
北海道6区,北海道,,,美深町,
北海道6区,北海道,,,音威子府村,
北海道6区,北海道,,,中川町,
北海道7区,北海道,,,釧路市,
北海道7区,北海道,,,根室市,
北海道7区,北海道,釧路総合振興局,,,
北海道7区,北海道,根室振興局,,,
北海道8区,北海道,,,函館市,
北海道8区,北海道,,,北斗市,
北海道8区,北海道,渡島総合振興局,,,
北海道8区,北海道,檜山振興局,,,
北海道9区,北海道,,,室蘭市,
北海道9区,北海道,,,苫小牧市,
北海道9区,北海道,,,登別市,
北海道9区,北海道,,,伊達市,
北海道9区,北海道,胆振総合振興局,,,
北海道9区,北海道,日高振興局,,,
北海道10区,北海道,,,夕張市,
北海道10区,北海道,,,岩見沢市,
北海道10区,北海道,,,留萌市,
北海道10区,北海道,,,美唄市,
北海道10区,北海道,,,芦別市,
北海道10区,北海道,,,赤平市,
北海道10区,北海道,,,三笠市,
北海道10区,北海道,,,滝川市,
北海道10区,北海道,,,砂川市,
北海道10区,北海道,,,歌志内市,
北海道10区,北海道,,,深川市,
北海道10区,北海道,,,幌加内町,
北海道10区,北海道,,,幌延町,
北海道10区,北海道,空知総合振興局,,,
北海道10区,北海道,留萌振興局,,,
北海道10区,北海道,宗谷総合振興局,,,
北海道11区,北海道,,,帯広市,
北海道11区,北海道,十勝総合振興局,,,
北海道12区,北海道,,,北見市,
北海道12区,北海道,,,網走市,
北海道12区,北海道,,,稚内市,
北海道12区,北海道,,,紋別市,
北海道12区,北海道,,,猿払村,
北海道12区,北海道,,,浜頓別町,
北海道12区,北海道,,,中頓別町,
北海道12区,北海道,,,枝幸町,
北海道12区,北海道,,,豊富町,
北海道12区,北海道,,,礼文町,
北海道12区,北海道,,,利尻町,
北海道12区,北海道,,,利尻富士町,
北海道12区,北海道,オホーツク総合振興局,,,
青森県1区,青森県,,,青森市,本庁管内、横内支所管内、浜館支所管内、奥内支所管内、原別支所管内、後潟支所管内、野内支所管内
青森県1区,青森県,,,五所川原市,
青森県1区,青森県,,東津軽郡,,
青森県1区,青森県,,北津軽郡,,
青森県2区,青森県,,,十和田市,
青森県2区,青森県,,,三沢市,
青森県2区,青森県,,,むつ市,
青森県2区,青森県,,上北郡,,
青森県2区,青森県,,下北郡,,
青森県2区,青森県,,三戸郡,五戸町,
青森県3区,青森県,,,八戸市,
青森県3区,青森県,,三戸郡,三戸町,
青森県3区,青森県,,三戸郡,田子町,
青森県3区,青森県,,三戸郡,南部町,
青森県3区,青森県,,三戸郡,階上町,
青森県3区,青森県,,三戸郡,新郷村,
青森県4区,青森県,,,青森市,第一区に属しない区域
青森県4区,青森県,,,弘前市,
青森県4区,青森県,,,黒石市,
青森県4区,青森県,,,つがる市,
青森県4区,青森県,,,平川市,
青森県4区,青森県,,西津軽郡,,
青森県4区,青森県,,中津軽郡,,
青森県4区,青森県,,南津軽郡,,
岩手県1区,岩手県,,,盛岡市,本庁管内、盛岡市役所青山支所管内、盛岡市役所簗川支所管内、盛岡市役所太田支所管内、盛岡市役所支所管内、盛岡市役所都南総合支所管内
岩手県1区,岩手県,,紫波郡,,
岩手県2区,岩手県,,,盛岡市,第一区に属しない区域
岩手県2区,岩手県,,,宮古市,
岩手県2区,岩手県,,,久慈市,
岩手県2区,岩手県,,,二戸市,
岩手県2区,岩手県,,,八幡平市,
岩手県2区,岩手県,,岩手郡,,
岩手県2区,岩手県,,下閉伊郡,岩泉町,
岩手県2区,岩手県,,下閉伊郡,田野畑村,
岩手県2区,岩手県,,下閉伊郡,普代村,
岩手県2区,岩手県,,九戸郡,,
岩手県2区,岩手県,,二戸郡,,
岩手県3区,岩手県,,,大船渡市,
岩手県3区,岩手県,,,遠野市,
岩手県3区,岩手県,,,一関市,
岩手県3区,岩手県,,,陸前高田市,
岩手県3区,岩手県,,,釜石市,
岩手県3区,岩手県,,西磐井郡,,
岩手県3区,岩手県,,気仙郡,,
岩手県3区,岩手県,,上閉伊郡,,
岩手県3区,岩手県,,下閉伊郡,山田町,
岩手県4区,岩手県,,,花巻市,
岩手県4区,岩手県,,,北上市,
岩手県4区,岩手県,,,奥州市,
岩手県4区,岩手県,,和賀郡,,
岩手県4区,岩手県,,胆沢郡,,
宮城県1区,宮城県,,仙台市,青葉区,
宮城県1区,宮城県,,仙台市,太白区,
宮城県2区,宮城県,,仙台市,宮城野区,
宮城県2区,宮城県,,仙台市,若林区,
宮城県2区,宮城県,,仙台市,泉区,
宮城県3区,宮城県,,,白石市,
宮城県3区,宮城県,,,名取市,
宮城県3区,宮城県,,,角田市,
宮城県3区,宮城県,,,岩沼市,
宮城県3区,宮城県,,刈田郡,,
宮城県3区,宮城県,,柴田郡,,
宮城県3区,宮城県,,伊具郡,,
宮城県3区,宮城県,,亘理郡,,
宮城県4区,宮城県,,,塩竈市,
宮城県4区,宮城県,,,多賀城市,
宮城県4区,宮城県,,宮城郡,,
宮城県4区,宮城県,,黒川郡,,
宮城県4区,宮城県,,加美郡,,
宮城県5区,宮城県,,,石巻市,
宮城県5区,宮城県,,,東松島市,
宮城県5区,宮城県,,,大崎市,大崎市松山総合支所管内、大崎市三本木総合支所管内、大崎市鹿島台総合支所管内、大崎市田尻総合支所管内
宮城県5区,宮城県,,遠田郡,,
宮城県5区,宮城県,,牡鹿郡,,
宮城県6区,宮城県,,,気仙沼市,
宮城県6区,宮城県,,,登米市,
宮城県6区,宮城県,,,栗原市,
宮城県6区,宮城県,,,大崎市,第五区に属しない区域
宮城県6区,宮城県,,本吉郡,,
秋田県1区,秋田県,,,秋田市,
秋田県2区,秋田県,,,能代市,
秋田県2区,秋田県,,,大館市,
秋田県2区,秋田県,,,男鹿市,
秋田県2区,秋田県,,,鹿角市,
秋田県2区,秋田県,,,潟上市,
秋田県2区,秋田県,,,北秋田市,
秋田県2区,秋田県,,鹿角郡,,
秋田県2区,秋田県,,北秋田郡,,
秋田県2区,秋田県,,山本郡,,
秋田県2区,秋田県,,南秋田郡,,
秋田県3区,秋田県,,,横手市,
秋田県3区,秋田県,,,湯沢市,
秋田県3区,秋田県,,,由利本荘市,
秋田県3区,秋田県,,,大仙市,
秋田県3区,秋田県,,,にかほ市,
秋田県3区,秋田県,,,仙北市,
秋田県3区,秋田県,,仙北郡,,
秋田県3区,秋田県,,雄勝郡,,
山形県1区,山形県,,,山形市,
山形県1区,山形県,,,上山市,
山形県1区,山形県,,,天童市,
山形県1区,山形県,,東村山郡,,
山形県2区,山形県,,,米沢市,
山形県2区,山形県,,,寒河江市,
山形県2区,山形県,,,村山市,
山形県2区,山形県,,,長井市,
山形県2区,山形県,,,東根市,
山形県2区,山形県,,,尾花沢市,
山形県2区,山形県,,,南陽市,
山形県2区,山形県,,西村山郡,,
山形県2区,山形県,,北村山郡,,
山形県2区,山形県,,東置賜郡,,
山形県2区,山形県,,西置賜郡,,
山形県3区,山形県,,,鶴岡市,
山形県3区,山形県,,,酒田市,
山形県3区,山形県,,,新庄市,
山形県3区,山形県,,最上郡,,
山形県3区,山形県,,東田川郡,,
山形県3区,山形県,,飽海郡,,
福島県1区,福島県,,,福島市,
福島県1区,福島県,,,相馬市,
福島県1区,福島県,,,南相馬市,
福島県1区,福島県,,,伊達市,
福島県1区,福島県,,伊達郡,,
福島県1区,福島県,,相馬郡,,
福島県2区,福島県,,,郡山市,
福島県2区,福島県,,,二本松市,
福島県2区,福島県,,,本宮市,
福島県2区,福島県,,安達郡,,
福島県3区,福島県,,,白河市,
福島県3区,福島県,,,須賀川市,
福島県3区,福島県,,,田村市,
福島県3区,福島県,,岩瀬郡,,
福島県3区,福島県,,西白河郡,,
福島県3区,福島県,,東白川郡,,
福島県3区,福島県,,石川郡,,
福島県3区,福島県,,田村郡,,
福島県4区,福島県,,,会津若松市,
福島県4区,福島県,,,喜多方市,
福島県4区,福島県,,南会津郡,,
福島県4区,福島県,,耶麻郡,,
福島県4区,福島県,,河沼郡,,
福島県4区,福島県,,大沼郡,,
福島県5区,福島県,,,いわき市,
福島県5区,福島県,,双葉郡,,
茨城県1区,茨城県,,,水戸市,本庁管内、水戸市役所赤塚出張所管内、水戸市役所常澄出張所管内
茨城県1区,茨城県,,,下妻市,下妻、長塚、砂沼新田、坂本新田、大木新田、石の宮、堀篭、坂井、比毛、横根、平川戸、北大宝、大宝、大串、平沼、福田、下木戸、神明、若柳、下宮、数須、筑波島、下田、中郷、黒駒、江、平方、尻手、渋井、桐ヶ瀬、前河原、赤須、柴、半谷、大木、南原、上野、関本下、袋畑、古沢、小島、二本紀、今泉、中居指、新堀、加養、亀崎、橋、肘谷、山尻、谷田部、柳原、安食、高道祖、本城町一丁目、本城町二丁目、本城町三丁目、小野子町一丁目、小野子町二丁目、本宿町一丁目、本宿町二丁目、田町一丁目、田町二丁目
茨城県1区,茨城県,,,笠間市,笠間市役所笠間支所管内
茨城県1区,茨城県,,,常陸大宮市,御前山総合支所管内
茨城県1区,茨城県,,,筑西市,
茨城県1区,茨城県,,,桜川市,
茨城県1区,茨城県,,東茨城郡,城里町,
茨城県2区,茨城県,,,水戸市,第一区に属しない区域
茨城県2区,茨城県,,,笠間市,第一区に属しない区域
茨城県2区,茨城県,,,鹿嶋市,
茨城県2区,茨城県,,,潮来市,
茨城県2区,茨城県,,,神栖市,
茨城県2区,茨城県,,,行方市,
茨城県2区,茨城県,,,鉾田市,
茨城県2区,茨城県,,,小美玉市,本庁管内、小美玉市役所小川総合支所管内
茨城県2区,茨城県,,東茨城郡,茨城町,、
茨城県2区,茨城県,,東茨城郡,大洗町,
茨城県3区,茨城県,,,龍ケ崎市,
茨城県3区,茨城県,,,取手市,
茨城県3区,茨城県,,,牛久市,
茨城県3区,茨城県,,,守谷市,
茨城県3区,茨城県,,,稲敷市,
茨城県3区,茨城県,,稲敷郡,,
茨城県3区,茨城県,,北相馬郡,,
茨城県4区,茨城県,,,常陸太田市,
茨城県4区,茨城県,,,ひたちなか市,
茨城県4区,茨城県,,,常陸大宮市,第一区に属しない区域
茨城県4区,茨城県,,,那珂市,
茨城県4区,茨城県,,久慈郡,,
茨城県5区,茨城県,,,日立市,
茨城県5区,茨城県,,,高萩市,
茨城県5区,茨城県,,,北茨城市,
茨城県5区,茨城県,,那珂郡,,
茨城県6区,茨城県,,,土浦市,
茨城県6区,茨城県,,,石岡市,
茨城県6区,茨城県,,,つくば市,
茨城県6区,茨城県,,,かすみがうら市,
茨城県6区,茨城県,,,つくばみらい市,
茨城県6区,茨城県,,,小美玉市,第二区に属しない区域
茨城県7区,茨城県,,,古河市,
茨城県7区,茨城県,,,結城市,
茨城県7区,茨城県,,,下妻市,第一区に属しない区域
茨城県7区,茨城県,,,常総市,
茨城県7区,茨城県,,,坂東市,
茨城県7区,茨城県,,結城郡,,
茨城県7区,茨城県,,猿島郡,,
栃木県1区,栃木県,,,宇都宮市,本庁管内、宇都宮市平石地区市民センター管内、宇都宮市清原地区市民センター管内、宇都宮市横川地区市民センター管内、宇都宮市瑞穂野地区市民センター管内、宇都宮市城山地区市民センター管内、宇都宮市国本地区市民センター管内、宇都宮市富屋地区市民センター管内、宇都宮市豊郷地区市民センター管内、宇都宮市篠井地区市民センター管内、宇都宮市姿川地区市民センター管内、宇都宮市雀宮地区市民センター管内、宇都宮市役所宝木出張所管内、宇都宮市役所陽南出張所管内
栃木県1区,栃木県,,,下野市,薬師寺、成田、町田、谷地賀、下文狹、田中、仁良川、本吉田、別当河原、下吉田、磯部、中川島、上川島、上吉田、三王山、絹板、花田、下坪山、上坪山、東根、祇園一丁目、祇園二丁目、祇園三丁目、祇園四丁目、祇園五丁目、緑一丁目、緑二丁目、緑三丁目、緑四丁目、緑五丁目、緑六丁目
栃木県1区,栃木県,,河内郡,,
栃木県2区,栃木県,,,宇都宮市,第一区に属しない区域
栃木県2区,栃木県,,,栃木市,西方町
栃木県2区,栃木県,,,鹿沼市,
栃木県2区,栃木県,,,日光市,
栃木県2区,栃木県,,,さくら市,
栃木県2区,栃木県,,塩谷郡,,
栃木県3区,栃木県,,,大田原市,
栃木県3区,栃木県,,,矢板市,
栃木県3区,栃木県,,,那須塩原市,
栃木県3区,栃木県,,,那須烏山市,
栃木県3区,栃木県,,那須郡,,
栃木県4区,栃木県,,,栃木市,大平町、藤岡町、都賀町
栃木県4区,栃木県,,,小山市,
栃木県4区,栃木県,,,真岡市,
栃木県4区,栃木県,,,下野市,（第一区に属しない区域）
栃木県4区,栃木県,,芳賀郡,,
栃木県4区,栃木県,,下都賀郡,,
栃木県5区,栃木県,,,足利市,
栃木県5区,栃木県,,,栃木市,第二区及び第四区に属しない区域
栃木県5区,栃木県,,,佐野市,
群馬県1区,群馬県,,,前橋市,
群馬県1区,群馬県,,,桐生市,新里支所管内、黒保根支所管内
群馬県1区,群馬県,,,沼田市,
群馬県1区,群馬県,,,渋川市,渋川市赤城総合支所管内、渋川市北橘総合支所管内
群馬県1区,群馬県,,,みどり市,みどり市東支所管内
群馬県1区,群馬県,,利根郡,,
群馬県2区,群馬県,,,桐生市,第一区に属しない区域
群馬県2区,群馬県,,,伊勢崎市,
群馬県2区,群馬県,,,太田市,藪塚町、山之神町、寄合町、大原町、六千石町、大久保町
群馬県2区,群馬県,,,みどり市,第一区に属しない区域
群馬県2区,群馬県,,佐波郡,,
群馬県3区,群馬県,,,太田市,第二区に属しない区域
群馬県3区,群馬県,,,館林市,
群馬県3区,群馬県,,邑楽郡,,
群馬県4区,群馬県,,,高崎市,本庁管内、高崎市新町支所管内、高崎市吉井支所管内
群馬県4区,群馬県,,,藤岡市,
群馬県4区,群馬県,,多野郡,,
群馬県5区,群馬県,,,高崎市,第四区に属しない区域
群馬県5区,群馬県,,,渋川市,第一区に属しない区域
群馬県5区,群馬県,,,富岡市,
群馬県5区,群馬県,,,安中市,
群馬県5区,群馬県,,北群馬郡,,
群馬県5区,群馬県,,甘楽郡,,
群馬県5区,群馬県,,吾妻郡,,
埼玉県1区,埼玉県,,さいたま市,見沼区,
埼玉県1区,埼玉県,,さいたま市,浦和区,
埼玉県1区,埼玉県,,さいたま市,緑区,
埼玉県1区,埼玉県,,さいたま市,岩槻区,
埼玉県2区,埼玉県,,,川口市,
埼玉県3区,埼玉県,,,草加市,
埼玉県3区,埼玉県,,,越谷市,
埼玉県4区,埼玉県,,,朝霞市,
埼玉県4区,埼玉県,,,志木市,
埼玉県4区,埼玉県,,,和光市,
埼玉県4区,埼玉県,,,新座市,
埼玉県5区,埼玉県,,さいたま市,西区,
埼玉県5区,埼玉県,,さいたま市,北区,
埼玉県5区,埼玉県,,さいたま市,大宮区,
埼玉県5区,埼玉県,,さいたま市,中央区,
埼玉県6区,埼玉県,,,鴻巣市,本庁管内、吹上支所管内
埼玉県6区,埼玉県,,,上尾市,
埼玉県6区,埼玉県,,,桶川市,
埼玉県6区,埼玉県,,,北本市,
埼玉県6区,埼玉県,,北足立郡,,
埼玉県7区,埼玉県,,,川越市,
埼玉県7区,埼玉県,,,富士見市,
埼玉県7区,埼玉県,,,ふじみ野市,本庁管内
埼玉県8区,埼玉県,,,所沢市,
埼玉県8区,埼玉県,,,ふじみ野市,第七区に属しない区域
埼玉県8区,埼玉県,,入間郡,三芳町,
埼玉県9区,埼玉県,,,飯能市,
埼玉県9区,埼玉県,,,狭山市,
埼玉県9区,埼玉県,,,入間市,
埼玉県9区,埼玉県,,,日高市,
埼玉県9区,埼玉県,,入間郡,毛呂山町,
埼玉県9区,埼玉県,,入間郡,越生町,
埼玉県10区,埼玉県,,,東松山市,
埼玉県10区,埼玉県,,,坂戸市,
埼玉県10区,埼玉県,,,鶴ヶ島市,
埼玉県10区,埼玉県,,比企郡,,
埼玉県11区,埼玉県,,,熊谷市,熊谷市役所江南行政センター管内
埼玉県11区,埼玉県,,,秩父市,
埼玉県11区,埼玉県,,,本庄市,
埼玉県11区,埼玉県,,,深谷市,
埼玉県11区,埼玉県,,秩父郡,,
埼玉県11区,埼玉県,,児玉郡,,
埼玉県11区,埼玉県,,大里郡,,
埼玉県12区,埼玉県,,,熊谷市,第十一区に属しない区域
埼玉県12区,埼玉県,,,行田市,
埼玉県12区,埼玉県,,,加須市,
埼玉県12区,埼玉県,,,羽生市,
埼玉県12区,埼玉県,,,鴻巣市,第六区に属しない区域
埼玉県13区,埼玉県,,,春日部市,赤沼、一ノ割、一ノ割一丁目、一ノ割二丁目、一ノ割三丁目、一ノ割四丁目、牛島、内牧、梅田、梅田一丁目、梅田二丁目、梅田三丁目、梅田本町一丁目、梅田本町二丁目、大枝、大沼一丁目、大沼二丁目、大沼三丁目、大沼四丁目、大沼五丁目、大沼六丁目、大沼七丁目、大場、大畑、粕壁、粕壁一丁目、粕壁二丁目、粕壁三丁目、粕壁四丁目、粕壁東一丁目、粕壁東二丁目、粕壁東三丁目、粕壁東四丁目、粕壁東五丁目、粕壁東六丁目、上大増新田、上蛭田、小渕、栄町一丁目、栄町二丁目、栄町三丁目、下大増新田、下蛭田、新川、薄谷、千間一丁目、中央一丁目、中央二丁目、中央三丁目、中央四丁目、中央五丁目、中央六丁目、中央七丁目、中央八丁目、銚子口、道口蛭田、道順川戸、豊野町一丁目、豊野町二丁目、豊野町三丁目、武里中野、新方袋、西八木崎一丁目、西八木崎二丁目、西八木崎三丁目、八丁目、花積、浜川戸一丁目、浜川戸二丁目、樋掘、樋籠、備後西一丁目、備後西二丁目、備後西三丁目、備後西四丁目、備後西五丁目、備後東一丁目、備後東二丁目、備後東三丁目、備後東四丁目、備後東五丁目、備後東六丁目、備後東七丁目、備後東八丁目、藤塚、不動院野、本田町一丁目、本田町二丁目、増富、増戸、増田新田、緑町一丁目、緑町二丁目、緑町三丁目、緑町四丁目、緑町五丁目、緑町六丁目、南一丁目、南二丁目、南三丁目、南四丁目、南五丁目、南栄町、南中曽根、八木崎町、谷原一丁目、谷原二丁目、谷原三丁目、谷原新田、豊町一丁目、豊町二丁目、豊町三丁目、豊町四丁目、豊町五丁目、豊町六丁目、六軒町
埼玉県13区,埼玉県,,,久喜市,本庁管内、久喜市菖蒲総合支所管内
埼玉県13区,埼玉県,,,蓮田市,
埼玉県13区,埼玉県,,,白岡市,
埼玉県13区,埼玉県,,南埼玉郡,,
埼玉県14区,埼玉県,,,春日部市,第十三区に属しない区域
埼玉県14区,埼玉県,,,久喜市,第十三区に属しない区域
埼玉県14区,埼玉県,,,八潮市,
埼玉県14区,埼玉県,,,三郷市,
埼玉県14区,埼玉県,,,幸手市,
埼玉県14区,埼玉県,,,吉川市,
埼玉県14区,埼玉県,,北葛飾郡,,
埼玉県15区,埼玉県,,さいたま市,桜区,
埼玉県15区,埼玉県,,さいたま市,南区,
埼玉県15区,埼玉県,,,蕨市,
埼玉県15区,埼玉県,,,戸田市,
千葉県1区,千葉県,,千葉市,中央区,
千葉県1区,千葉県,,千葉市,稲毛区,
千葉県1区,千葉県,,千葉市,美浜区,
千葉県2区,千葉県,,千葉市,花見川区,
千葉県2区,千葉県,,,習志野市,
千葉県2区,千葉県,,,八千代市,
千葉県3区,千葉県,,千葉市,緑区,
千葉県3区,千葉県,,,市原市,
千葉県4区,千葉県,,,船橋市,本庁管内、船橋市二宮出張所管内、船橋市芝山出張所管内、船橋市高根台出張所管内、船橋市習志野台出張所管内、船橋市西船橋出張所管内、船橋市船橋駅前総合窓口センター管内
千葉県5区,千葉県,,,市川市,本庁管内（市川一丁目、市川二丁目、市川三丁目、市川南一丁目、市川南二丁目、市川南三丁目、市川南四丁目、市川南五丁目、真間一丁目、真間二丁目、真間三丁目、新田一丁目、新田二丁目、新田三丁目、新田四丁目、新田五丁目、平田一丁目、平田二丁目、平田三丁目、平田四丁目、大洲一丁目、大洲二丁目、大洲三丁目、大洲四丁目、大和田一丁目、大和田二丁目、大和田三丁目、大和田四丁目、大和田五丁目、東大和田一丁目、東大和田二丁目、稲荷木一丁目、稲荷木二丁目、稲荷木三丁目、八幡一丁目、八幡二丁目、八幡三丁目、八幡四丁目、八幡五丁目、八幡六丁目、南八幡一丁目、南八幡二丁目、南八幡三丁目、南八幡四丁目、南八幡五丁目、菅野一丁目、菅野二丁目、菅野三丁目、菅野四丁目、菅野五丁目、菅野六丁目、東菅野一丁目、東菅野二丁目、東菅野三丁目、鬼越一丁目、鬼越二丁目、鬼高一丁目、鬼高二丁目、鬼高三丁目、鬼高四丁目、高石神、中山一丁目、中山二丁目、中山三丁目、中山四丁目、若宮一丁目、若宮二丁目、若宮三丁目、北方一丁目、北方二丁目、北方三丁目、本北方一丁目、本北方二丁目、本北方三丁目、北方町四丁目、東浜一丁目、田尻、田尻一丁目、田尻二丁目、田尻三丁目、田尻四丁目、田尻五丁目、高谷、高谷一丁目、高谷二丁目、高谷三丁目、高谷新町、原木、原木一丁目、原木二丁目、原木三丁目、原木四丁目、二俣、二俣一丁目、二俣二丁目、二俣新町、上妙典）、行徳支所管内
千葉県5区,千葉県,,,浦安市,
千葉県6区,千葉県,,,市川市,第五区に属しない区域）
千葉県6区,千葉県,,,松戸市,本庁管内、常盤平支所管内、六実支所管内、矢切支所管内、東部支所管内
千葉県7区,千葉県,,,松戸市,第六区に属しない区域
千葉県7区,千葉県,,,野田市,
千葉県7区,千葉県,,,流山市,
千葉県8区,千葉県,,,柏市,本庁管内、田中出張所管内、増尾出張所管内、富勢出張所管内、光ケ丘出張所管内、豊四季台出張所管内、南部出張所管内、西原出張所管内、松葉出張所管内、藤心出張所管内、柏駅前行政サービスセンター管内
千葉県8区,千葉県,,,我孫子市,
千葉県9区,千葉県,,千葉市,若葉区,
千葉県9区,千葉県,,,佐倉市,
千葉県9区,千葉県,,,四街道市,
千葉県9区,千葉県,,,八街市,
千葉県10区,千葉県,,,銚子市,
千葉県10区,千葉県,,,成田市,
千葉県10区,千葉県,,,旭市,
千葉県10区,千葉県,,,匝瑳市,
千葉県10区,千葉県,,,香取市,
千葉県10区,千葉県,,香取郡,,
千葉県10区,千葉県,,山武郡,横芝光町,篠本、新井、宝米、市野原、二又、小川台、台、傍示戸、富下、虫生、小田部、母子、芝崎、芝崎南、宮川、谷中、目篠、上原、原方、木戸、尾垂イ、尾垂ロ、篠本根切
千葉県11区,千葉県,,,茂原市,
千葉県11区,千葉県,,,東金市,
千葉県11区,千葉県,,,勝浦市,
千葉県11区,千葉県,,,山武市,
千葉県11区,千葉県,,,いすみ市,
千葉県11区,千葉県,,,大網白里市,
千葉県11区,千葉県,,山武郡,九十九里町,
千葉県11区,千葉県,,山武郡,芝山町,
千葉県11区,千葉県,,山武郡,横芝光町,第十区に属しない区域
千葉県11区,千葉県,,長生郡,,
千葉県11区,千葉県,,夷隅郡,,
千葉県12区,千葉県,,,館山市,
千葉県12区,千葉県,,,木更津市,
千葉県12区,千葉県,,,鴨川市,
千葉県12区,千葉県,,,君津市,
千葉県12区,千葉県,,,富津市,
千葉県12区,千葉県,,,袖ケ浦市,
千葉県12区,千葉県,,,南房総市,
千葉県12区,千葉県,,安房郡,,
千葉県13区,千葉県,,,船橋市,第四区に属しない区域
千葉県13区,千葉県,,,柏市,第八区に属しない区域
千葉県13区,千葉県,,,鎌ケ谷市,
千葉県13区,千葉県,,,印西市,
千葉県13区,千葉県,,,白井市,
千葉県13区,千葉県,,,富里市,
千葉県13区,千葉県,,印旛郡,,
東京都1区,東京都,,千代田区,,
東京都1区,東京都,,港区,,
東京都1区,東京都,,新宿区,,
東京都2区,東京都,,中央区,,
東京都2区,東京都,,文京区,,
東京都2区,東京都,,台東区,,
東京都3区,東京都,,品川区,,
東京都3区,東京都,,大田区,,大田区嶺町特別出張所管内、大田区田園調布特別出張所管内、大田区鵜の木特別出張所管内、大田区久が原特別出張所管内（池上三丁目に属する区域を除く。）、大田区雪谷特別出張所管内、大田区千束特別出張所管内、大田区矢口特別出張所管内（千鳥一丁目、千鳥二丁目及び千鳥三丁目に属する区域に限る。））、大島支庁管内、三宅支庁管内、八丈支庁管内、小笠原支庁管内
東京都4区,東京都,,大田区,,第三区に属しない区
東京都5区,東京都,,目黒区,,
東京都5区,東京都,,世田谷区,,世田谷区池尻まちづくりセンター管内、世田谷区下馬まちづくりセンター管内、世田谷区上馬まちづくりセンター管内、世田谷区奥沢まちづくりセンター管内、世田谷区九品仏まちづくりセンター管内、世田谷区等々力出張所管内、世田谷区上野毛まちづくりセンター管内、世田谷区用賀出張所管内、世田谷区深沢まちづくりセンター管内
東京都6区,東京都,,世田谷区,,第五区に属しない区域
東京都7区,東京都,,渋谷区,,
東京都7区,東京都,,中野区,,
東京都8区,東京都,,杉並区,,
東京都9区,東京都,,練馬区,,豊玉上二丁目、豊玉中一丁目、豊玉中二丁目、豊玉中三丁目、豊玉中四丁目、豊玉南一丁目、豊玉南二丁目、豊玉南三丁目、豊玉北三丁目、豊玉北四丁目、豊玉北五丁目、豊玉北六丁目、中村一丁目、中村二丁目、中村三丁目、中村南一丁目、中村南二丁目、中村南三丁目、中村北一丁目、中村北二丁目、中村北三丁目、中村北四丁目、練馬一丁目、練馬二丁目、練馬三丁目、練馬四丁目、向山一丁目、向山二丁目、向山三丁目、向山四丁目、貫井一丁目、貫井二丁目、貫井三丁目、貫井四丁目、貫井五丁目、春日町一丁目、春日町二丁目、春日町三丁目、春日町四丁目、春日町五丁目、春日町六丁目、高松一丁目、高松二丁目、高松三丁目、高松四丁目、高松五丁目、高松六丁目、田柄三丁目（十四番から三十番までを除く。）、田柄五丁目（二十一番から二十八番までを除く。）、光が丘二丁目、光が丘三丁目、光が丘四丁目、光が丘五丁目、光が丘六丁目、光が丘七丁目、旭町一丁目、旭町二丁目、旭町三丁目、土支田一丁目、土支田二丁目、土支田三丁目、土支田四丁目、富士見台一丁目、富士見台二丁目、富士見台三丁目、富士見台四丁目、南田中一丁目、南田中二丁目、南田中三丁目、南田中四丁目、南田中五丁目、高野台一丁目、高野台二丁目、高野台三丁目、高野台四丁目、高野台五丁目、谷原一丁目、谷原二丁目、谷原三丁目、谷原四丁目、谷原五丁目、谷原六丁目、三原台一丁目、三原台二丁目、三原台三丁目、石神井町一丁目、石神井町二丁目、石神井町三丁目、石神井町四丁目、石神井町五丁目、石神井町六丁目、石神井町七丁目、石神井町八丁目、石神井台一丁目、石神井台二丁目、石神井台三丁目、石神井台四丁目、石神井台五丁目、石神井台六丁目、石神井台七丁目、石神井台八丁目、下石神井一丁目、下石神井二丁目、下石神井三丁目、下石神井四丁目、下石神井五丁目、下石神井六丁目、東大泉一丁目、東大泉二丁目、東大泉三丁目、東大泉四丁目、東大泉五丁目、東大泉六丁目、東大泉七丁目、西大泉町、西大泉一丁目、西大泉二丁目、西大泉三丁目、西大泉四丁目、西大泉五丁目、西大泉六丁目、南大泉一丁目、南大泉二丁目、南大泉三丁目、南大泉四丁目、南大泉五丁目、南大泉六丁目、大泉町一丁目、大泉町二丁目、大泉町三丁目、大泉町四丁目、大泉町五丁目、大泉町六丁目、大泉学園町一丁目、大泉学園町二丁目、大泉学園町三丁目、大泉学園町四丁目、大泉学園町五丁目、大泉学園町六丁目、大泉学園町七丁目、大泉学園町八丁目、大泉学園町九丁目、関町北一丁目、関町北二丁目、関町北三丁目、関町北四丁目、関町北五丁目、関町南一丁目、関町南二丁目、関町南三丁目、関町南四丁目、上石神井南町、立野町、上石神井一丁目、上石神井二丁目、上石神井三丁目、上石神井四丁目、関町東一丁目、関町東二丁目
東京都10区,東京都,,豊島区,,
東京都10区,東京都,,練馬区,,第九区に属しない区域
東京都11区,東京都,,板橋区,,
東京都12区,東京都,,北区,,
東京都12区,東京都,,足立区,,入谷町、入谷一丁目、入谷二丁目、入谷三丁目、入谷四丁目、入谷五丁目、入谷六丁目、入谷七丁目、入谷八丁目、入谷九丁目、扇一丁目、扇二丁目、扇三丁目、興野一丁目、興野二丁目、小台一丁目、小台二丁目、加賀一丁目、加賀二丁目、江北一丁目、江北二丁目、江北三丁目、江北四丁目、江北五丁目、江北六丁目、江北七丁目、皿沼一丁目、皿沼二丁目、皿沼三丁目、鹿浜一丁目、鹿浜二丁目、鹿浜三丁目、鹿浜四丁目、鹿浜五丁目、鹿浜六丁目、鹿浜七丁目、鹿浜八丁目、新田一丁目、新田二丁目、新田三丁目、椿一丁目、椿二丁目、舎人公園、舎人町、舎人一丁目、舎人二丁目、舎人三丁目、舎人四丁目、舎人五丁目、舎人六丁目、西新井栄町三丁目、西新井本町一丁目、西新井本町二丁目、西新井本町三丁目、西新井本町四丁目、西新井本町五丁目、堀之内一丁目、堀之内二丁目、宮城一丁目、宮城二丁目、本木北町、本木西町、本木東町、本木南町、本木一丁目、本木二丁目、谷在家二丁目、谷在家三丁目
東京都13区,東京都,,足立区,,第十二区に属しない区域
東京都14区,東京都,,墨田区,,
東京都14区,東京都,,荒川区,,
東京都15区,東京都,,江東区,,
東京都16区,東京都,,江戸川区,,本庁管内（上一色三丁目に属する区域を除く。）、江戸川区小松川事務所管内、江戸川区葛西事務所管内、江戸川区東部事務所管内、江戸川区鹿骨事務所管内
東京都17区,東京都,,葛飾区,,
東京都17区,東京都,,江戸川区,,第十六区に属しない区域
東京都18区,東京都,,,武蔵野市,
東京都18区,東京都,,,府中市,
東京都18区,東京都,,,小金井市,
東京都19区,東京都,,,小平市,
東京都19区,東京都,,,国分寺市,
東京都19区,東京都,,,国立市,
東京都19区,東京都,,,西東京市,
東京都20区,東京都,,,東村山市,
東京都20区,東京都,,,東大和市,
東京都20区,東京都,,,清瀬市,
東京都20区,東京都,,,東久留米市,
東京都20区,東京都,,,武蔵村山市,
東京都21区,東京都,,,立川市,
東京都21区,東京都,,,昭島市,
東京都21区,東京都,,,日野市,
東京都22区,東京都,,,三鷹市,
東京都22区,東京都,,,調布市,
東京都22区,東京都,,,狛江市,
東京都22区,東京都,,,稲城市,
東京都23区,東京都,,,町田市,
東京都23区,東京都,,,多摩市,
東京都24区,東京都,,,八王子市,
東京都25区,東京都,,,青梅市,
東京都25区,東京都,,,福生市,
東京都25区,東京都,,,羽村市,
東京都25区,東京都,,,あきる野市,
東京都25区,東京都,,,西多摩郡,
神奈川県1区,神奈川県,,横浜市,中区,
神奈川県1区,神奈川県,,横浜市,磯子区,
神奈川県1区,神奈川県,,横浜市,金沢区,
神奈川県2区,神奈川県,,横浜市,西区,
神奈川県2区,神奈川県,,横浜市,南区,
神奈川県2区,神奈川県,,横浜市,港南区,
神奈川県3区,神奈川県,,横浜市,鶴見区,
神奈川県3区,神奈川県,,横浜市,神奈川区,
神奈川県4区,神奈川県,,横浜市,栄区,
神奈川県4区,神奈川県,,,鎌倉市,
神奈川県4区,神奈川県,,,逗子市,
神奈川県4区,神奈川県,,三浦郡,,
神奈川県5区,神奈川県,,横浜市,戸塚区,
神奈川県5区,神奈川県,,横浜市,泉区,
神奈川県5区,神奈川県,,横浜市,瀬谷区,
神奈川県6区,神奈川県,,横浜市,保土ケ谷区,
神奈川県6区,神奈川県,,横浜市,旭区,
神奈川県7区,神奈川県,,横浜市,港北区,
神奈川県7区,神奈川県,,横浜市,都筑区,
神奈川県8区,神奈川県,,横浜市,緑区,
神奈川県8区,神奈川県,,横浜市,青葉区,
神奈川県9区,神奈川県,,川崎市,多摩区,
神奈川県9区,神奈川県,,川崎市,麻生区,
神奈川県10区,神奈川県,,川崎市,川崎区,
神奈川県10区,神奈川県,,川崎市,幸区,
神奈川県10区,神奈川県,,川崎市,中原区,新丸子町、新丸子東一丁目、新丸子東二丁目、新丸子東三丁目、丸子通一丁目、丸子通二丁目、上丸子山王町一丁目、上丸子山王町二丁目、上丸子八幡町、上丸子天神町、小杉町一丁目、小杉町二丁目、小杉町三丁目、小杉御殿町一丁目、小杉御殿町二丁目、小杉陣屋町一丁目、小杉陣屋町二丁目、等々力、木月一丁目、木月二丁目、木月三丁目、木月四丁目、西加瀬、木月祇園町、木月伊勢町、木月大町、木月住吉町、苅宿、大倉町、市ノ坪、今井上町、今井仲町、今井南町、今井、今井西町、井田一丁目、井田二丁目、井田三丁目、井田三舞町、井田杉山町、井田中ノ町、上平間、田尻町、北谷町、中丸子、下沼部、上丸子、小杉
神奈川県11区,神奈川県,,,横須賀市,
神奈川県11区,神奈川県,,,三浦市,
神奈川県12区,神奈川県,,,藤沢市,
神奈川県12区,神奈川県,,,高座郡,
神奈川県13区,神奈川県,,,大和市,
神奈川県13区,神奈川県,,,海老名市,
神奈川県13区,神奈川県,,,座間市,
神奈川県13区,神奈川県,,,綾瀬市,
神奈川県14区,神奈川県,,相模原市,緑区,相原、相原一丁目、相原二丁目、相原三丁目、相原四丁目、相原五丁目、相原六丁目、大島、大山町、上九沢、下九沢、田名、西橋本一丁目、西橋本二丁目、西橋本三丁目、西橋本四丁目、西橋本五丁目、二本松一丁目、二本松二丁目、二本松三丁目、二本松四丁目、橋本一丁目、橋本二丁目、橋本三丁目、橋本四丁目、橋本五丁目、橋本六丁目、橋本七丁目、橋本八丁目、橋本台一丁目、橋本台二丁目、橋本台三丁目、橋本台四丁目、東橋本一丁目、東橋本二丁目、東橋本三丁目、東橋本四丁目、元橋本町
神奈川県14区,神奈川県,,相模原市,中央区,
神奈川県14区,神奈川県,,相模原市,南区,旭町、鵜野森一丁目、鵜野森二丁目、鵜野森三丁目、大野台一丁目、大野台二丁目、大野台三丁目、大野台四丁目、大野台五丁目、大野台六丁目、大野台七丁目、大野台八丁目、上鶴間一丁目、上鶴間二丁目、上鶴間三丁目、上鶴間四丁目、上鶴間五丁目、上鶴間六丁目、上鶴間七丁目、上鶴間八丁目、上鶴間本町一丁目、上鶴間本町二丁目、上鶴間本町三丁目、上鶴間本町四丁目、上鶴間本町五丁目、上鶴間本町六丁目、上鶴間本町七丁目、上鶴間本町八丁目、上鶴間本町九丁目、古淵一丁目、古淵二丁目、古淵三丁目、古淵四丁目、古淵五丁目、古淵六丁目、栄町、相模大野一丁目、相模大野二丁目、相模大野三丁目、相模大野四丁目、相模大野五丁目、相模大野六丁目、相模大野七丁目、相模大野八丁目、相模大野九丁目、相南一丁目、相南二丁目、相南三丁目、相南四丁目、西大沼一丁目、西大沼二丁目、西大沼三丁目、西大沼四丁目、西大沼五丁目、東大沼一丁目、東大沼二丁目、東大沼三丁目、東大沼四丁目、東林間一丁目、東林間二丁目、東林間三丁目、東林間四丁目、東林間五丁目、東林間六丁目、東林間七丁目、東林間八丁目、文京一丁目、文京二丁目、松が枝町、御園一丁目、御園二丁目、御園三丁目、豊町、若松一丁目、若松二丁目、若松三丁目、若松四丁目、若松五丁目、若松六丁目）
神奈川県15区,神奈川県,,,平塚市,
神奈川県15区,神奈川県,,,茅ヶ崎市,
神奈川県15区,神奈川県,,中郡,,
神奈川県16区,神奈川県,,相模原市,緑区,第十四区に属しない区域
神奈川県16区,神奈川県,,相模原市,南区,第十四区に属しない区域
神奈川県16区,神奈川県,,,厚木市,
神奈川県16区,神奈川県,,,伊勢原市,
神奈川県16区,神奈川県,,愛甲郡,,
神奈川県17区,神奈川県,,,小田原市,
神奈川県17区,神奈川県,,,秦野市,
神奈川県17区,神奈川県,,,南足柄市,
神奈川県17区,神奈川県,,足柄上郡,,
神奈川県17区,神奈川県,,足柄下郡,,
神奈川県18区,神奈川県,,川崎市,中原区,第十区に属しない区域
神奈川県18区,神奈川県,,川崎市,高津区,
神奈川県18区,神奈川県,,川崎市,宮前区,
新潟県1区,新潟県,,新潟市,北区,本庁管内（細山に属する区域に限る。）、北区役所北出張所管内（すみれ野四丁目に属する区域を除く。）
新潟県1区,新潟県,,新潟市,東区,本庁管内、東区役所石山出張所管内（亀田中島四丁目に属する区域を除く。）
新潟県1区,新潟県,,新潟市,中央区,本庁管内、中央区役所東出張所管内、中央区役所南出張所管内（鵜ノ子及び亀田早通に属する区域を除く。））、
新潟県1区,新潟県,,新潟市,江南区,本庁管内（天野、天野一丁目、天野二丁目、天野三丁目、粟山、姥ケ山、江口、大淵、祖父興野、嘉木、嘉瀬、上和田、北山、久蔵興野、蔵岡、酒屋町、笹山、三百地、鐘木、清五郎、曽川、楚川、曽野木一丁目、曽野木二丁目、太右エ門新田、俵柳、直り山、長潟、中野山、鍋潟新田、西野、西山、花ノ牧、平賀、細山、舞潟、松山、丸潟新田、丸山、丸山ノ内善之丞組、茗荷谷、山二ツ、両川一丁目、両川二丁目、和田、割野））、新潟市南区（本庁管内（天野に属する区域に限る。）
新潟県1区,新潟県,,新潟市,西区,本庁管内、西区役所西出張所管内（四ツ郷屋及び與兵衛野新田に属する区域を除く。）、西区役所黒埼出張所管内
新潟県2区,新潟県,,新潟市,南区,南区役所味方出張所管内、南区役所月潟出張所管内
新潟県2区,新潟県,,新潟市,西区,第一区に属しない区域
新潟県2区,新潟県,,新潟市,西蒲区,
新潟県2区,新潟県,,,長岡市,本庁管内（西津町に属する区域のうち、平成十七年三月三十一日において三島郡越路町の区域であつた区域に限る。）、長岡市越路支所管内、長岡市三島支所管内、長岡市小国支所管内、長岡市和島支所管内、長岡市寺泊支所管内、長岡市与板支所管内
新潟県2区,新潟県,,,柏崎市,
新潟県2区,新潟県,,,燕市,
新潟県2区,新潟県,,,佐渡市,
新潟県2区,新潟県,,西蒲原郡,,
新潟県2区,新潟県,,三島郡,,
新潟県2区,新潟県,,刈羽郡,,
新潟県3区,新潟県,,新潟市,北区,本庁管内（細山、小杉、十二前及び横越に属する区域を除く。）、北区役所北出張所管内（すみれ野四丁目に属する区域に限る。）
新潟県3区,新潟県,,,新発田市,
新潟県3区,新潟県,,,村上市,
新潟県3区,新潟県,,,五泉市,
新潟県3区,新潟県,,,阿賀野市,
新潟県3区,新潟県,,,胎内市,
新潟県3区,新潟県,,北蒲原郡,,
新潟県3区,新潟県,,東蒲原郡,,
新潟県3区,新潟県,,岩船郡,,
新潟県4区,新潟県,,新潟市,北区,第一区及び第三区に属しない区域
新潟県4区,新潟県,,新潟市,東区,第一区に属しない区域
新潟県4区,新潟県,,新潟市,中央区,第一区に属しない区域
新潟県4区,新潟県,,新潟市,江南区,第一区に属しない区域
新潟県4区,新潟県,,新潟市,秋葉区,
新潟県4区,新潟県,,新潟市,南区,第一区及び第二区に属しない区域
新潟県4区,新潟県,,,長岡市,長岡市中之島支所管内（押切川原町に属する区域のうち、平成十七年三月三十一日において長岡市の区域であつた区域を除く。）、長岡市栃尾支所管内
新潟県4区,新潟県,,,三条市,
新潟県4区,新潟県,,,加茂市,
新潟県4区,新潟県,,,見附市,
新潟県4区,新潟県,,南蒲原郡,,
新潟県5区,新潟県,,,長岡市,第二区及び第四区に属しない区域
新潟県5区,新潟県,,,小千谷市,
新潟県5区,新潟県,,,魚沼市,
新潟県5区,新潟県,,,南魚沼市,
新潟県5区,新潟県,,南魚沼郡,,
新潟県6区,新潟県,,,十日町市,
新潟県6区,新潟県,,,糸魚川市,
新潟県6区,新潟県,,,妙高市,
新潟県6区,新潟県,,,上越市,
新潟県6区,新潟県,,中魚沼郡,,
富山県1区,富山県,,,富山市,本庁管内
富山県2区,富山県,,,富山市,第一区に属しない区域
富山県2区,富山県,,,魚津市,
富山県2区,富山県,,,滑川市,
富山県2区,富山県,,,黒部市,
富山県2区,富山県,,中新川郡,,
富山県2区,富山県,,下新川郡,,
富山県3区,富山県,,,高岡市,
富山県3区,富山県,,,氷見市,
富山県3区,富山県,,,砺波市,
富山県3区,富山県,,,小矢部市,
富山県3区,富山県,,,南砺市,
富山県3区,富山県,,,射水市,
石川県1区,石川県,,,金沢市,
石川県2区,石川県,,,小松市,
石川県2区,石川県,,,加賀市,
石川県2区,石川県,,,白山市,
石川県2区,石川県,,,能美市,
石川県2区,石川県,,,野々市市,
石川県2区,石川県,,能美郡,,
石川県3区,石川県,,,七尾市,
石川県3区,石川県,,,輪島市,
石川県3区,石川県,,,珠洲市,
石川県3区,石川県,,,羽咋市,
石川県3区,石川県,,,かほく市,
石川県3区,石川県,,河北郡,,
石川県3区,石川県,,羽咋郡,,
石川県3区,石川県,,鹿島郡,,
石川県3区,石川県,,鳳珠郡,,
福井県1区,福井県,,,福井市,
福井県1区,福井県,,,大野市,
福井県1区,福井県,,,勝山市,
福井県1区,福井県,,,あわら市,
福井県1区,福井県,,,坂井市,
福井県1区,福井県,,吉田郡,,
福井県2区,福井県,,,敦賀市,
福井県2区,福井県,,,小浜市,
福井県2区,福井県,,,鯖江市,
福井県2区,福井県,,,越前市,
福井県2区,福井県,,今立郡,,
福井県2区,福井県,,南条郡,,
福井県2区,福井県,,丹生郡,,
福井県2区,福井県,,三方郡,,
福井県2区,福井県,,大飯郡,,
福井県2区,福井県,,三方上中郡,,
山梨県1区,山梨県,,,甲府市,
山梨県1区,山梨県,,,韮崎市,
山梨県1区,山梨県,,,南アルプス市,
山梨県1区,山梨県,,,北杜市,
山梨県1区,山梨県,,,甲斐市,
山梨県1区,山梨県,,,中央市,
山梨県1区,山梨県,,西八代郡,,
山梨県1区,山梨県,,南巨摩郡,,
山梨県1区,山梨県,,中巨摩郡,,
山梨県2区,山梨県,,,富士吉田市,
山梨県2区,山梨県,,,都留市,
山梨県2区,山梨県,,,山梨市,
山梨県2区,山梨県,,,大月市,
山梨県2区,山梨県,,,笛吹市,
山梨県2区,山梨県,,,上野原市,
山梨県2区,山梨県,,,甲州市,
山梨県2区,山梨県,,南都留郡,,
山梨県2区,山梨県,,北都留郡,,
長野県1区,長野県,,,長野市,本庁管内、長野市篠ノ井支所管内、長野市松代支所管内、長野市若穂支所管内、長野市川中島支所管内、長野市更北支所管内、長野市七二会支所管内、長野市信更支所管内、長野市古里支所管内、長野市柳原支所管内、長野市浅川支所管内、長野市大豆島支所管内、長野市朝陽支所管内、長野市若槻支所管内、長野市長沼支所管内、長野市安茂里支所管内、長野市小田切支所管内、長野市芋井支所管内、長野市芹田支所管内、長野市古牧支所管内、長野市三輪支所管内、長野市吉田支所管内
長野県1区,長野県,,,須坂市,
長野県1区,長野県,,,中野市,
長野県1区,長野県,,,飯山市,
長野県1区,長野県,,上高井郡,,
長野県1区,長野県,,下高井郡,,
長野県1区,長野県,,下水内郡,,
長野県2区,長野県,,,長野市,第一区に属しない区域
長野県2区,長野県,,,松本市,
長野県2区,長野県,,,大町市,
長野県2区,長野県,,,安曇野市,
長野県2区,長野県,,東筑摩郡,,
長野県2区,長野県,,北安曇郡,,
長野県2区,長野県,,上水内郡,,
長野県3区,長野県,,,上田市,
長野県3区,長野県,,,小諸市,
長野県3区,長野県,,,佐久市,
長野県3区,長野県,,,千曲市,
長野県3区,長野県,,,東御市,
長野県3区,長野県,,南佐久郡,,
長野県3区,長野県,,北佐久郡,,
長野県3区,長野県,,小県郡,,
長野県3区,長野県,,埴科郡,,
長野県4区,長野県,,,岡谷市,
長野県4区,長野県,,,諏訪市,
長野県4区,長野県,,,茅野市,
長野県4区,長野県,,,塩尻市,
長野県4区,長野県,,諏訪郡,,
長野県4区,長野県,,木曽郡,,
長野県5区,長野県,,,飯田市,
長野県5区,長野県,,,伊那市,
長野県5区,長野県,,,駒ヶ根市,
長野県5区,長野県,,上伊那郡,,
長野県5区,長野県,,下伊那郡,,
岐阜県1区,岐阜県,,,岐阜市,本庁管内、岐阜市役所西部事務所管内、岐阜市役所東部事務所管内、岐阜市役所北部事務所管内、岐阜市役所南部東事務所管内、岐阜市役所南部西事務所管内、岐阜市役所日光事務所管内
岐阜県2区,岐阜県,,,大垣市,
岐阜県2区,岐阜県,,,海津市,
岐阜県2区,岐阜県,,養老郡,,
岐阜県2区,岐阜県,,不破郡,,
岐阜県2区,岐阜県,,安八郡,,
岐阜県2区,岐阜県,,揖斐郡,,
岐阜県3区,岐阜県,,,岐阜市,第一区に属しない区域
岐阜県3区,岐阜県,,,関市,
岐阜県3区,岐阜県,,,美濃市,
岐阜県3区,岐阜県,,,羽島市,
岐阜県3区,岐阜県,,,各務原市,
岐阜県3区,岐阜県,,,山県市,
岐阜県3区,岐阜県,,,瑞穂市,
岐阜県3区,岐阜県,,,本巣市,
岐阜県3区,岐阜県,,羽島郡,,
岐阜県3区,岐阜県,,本巣郡,,
岐阜県4区,岐阜県,,,高山市,
岐阜県4区,岐阜県,,,美濃加茂市,
岐阜県4区,岐阜県,,,可児市,
岐阜県4区,岐阜県,,,飛騨市,
岐阜県4区,岐阜県,,,郡上市,
岐阜県4区,岐阜県,,,下呂市,
岐阜県4区,岐阜県,,加茂郡,,
岐阜県4区,岐阜県,,可児郡,,
岐阜県4区,岐阜県,,大野郡,,
岐阜県5区,岐阜県,,,多治見市,
岐阜県5区,岐阜県,,,中津川市,
岐阜県5区,岐阜県,,,瑞浪市,
岐阜県5区,岐阜県,,,恵那市,
岐阜県5区,岐阜県,,,土岐市,
静岡県1区,静岡県,,静岡市,葵区,本庁管内（瀬名川三丁目（五番二十五号及び五番五十号から五番五十九号までに限る。）に属する区域を除く。）、葵区役所井川支所管内
静岡県1区,静岡県,,静岡市,駿河区,本庁管内（谷田に属する区域のうち、平成十五年三月三十一日において清水市の区域であつた区域を除く。）、駿河区役所長田支所管内
静岡県1区,静岡県,,静岡市,清水区,本庁管内（楠（六百九十四番地一及び六百九十四番地三に限る。） に属する区域に限る。）
静岡県2区,静岡県,,,島田市,
静岡県2区,静岡県,,,焼津市,
静岡県2区,静岡県,,,藤枝市,
静岡県2区,静岡県,,,御前崎市,御前崎支所管内
静岡県2区,静岡県,,,牧之原市,
静岡県2区,静岡県,,榛原郡,,
静岡県3区,静岡県,,浜松市,天竜区,春野町領家、春野町堀之内、春野町胡桃平、春野町和泉平、春野町砂川、春野町大時、春野町長蔵寺、春野町石打松下、春野町田黒、春野町筏戸大上、春野町五和、春野町越木平、春野町田河内、春野町牧野、春野町花島、春野町杉、春野町川上、春野町宮川、春野町気田、春野町豊岡、春野町石切、春野町小俣京丸）
静岡県3区,静岡県,,,磐田市,
静岡県3区,静岡県,,,掛川市,
静岡県3区,静岡県,,,袋井市,
静岡県3区,静岡県,,,御前崎市,第二区に属しない区域
静岡県3区,静岡県,,,菊川市,
静岡県3区,静岡県,,周智郡,,
静岡県4区,静岡県,,静岡市,葵区,第一区に属しない区域
静岡県4区,静岡県,,静岡市,駿河区,第一区に属しない区域
静岡県4区,静岡県,,静岡市,清水区,第一区に属しない区域
静岡県4区,静岡県,,,富士宮市,
静岡県4区,静岡県,,,富士市,木島、岩淵、中之郷、南松野、北松野、中野台一丁目、中野台二丁目
静岡県5区,静岡県,,,三島市,
静岡県5区,静岡県,,,富士市,第四区に属しない区域
静岡県5区,静岡県,,,御殿場市,
静岡県5区,静岡県,,,裾野市,
静岡県5区,静岡県,,,伊豆の国市,本庁管内
静岡県5区,静岡県,,田方郡,,
静岡県5区,静岡県,,駿東郡,小山町,
静岡県6区,静岡県,,,沼津市,
静岡県6区,静岡県,,,熱海市,
静岡県6区,静岡県,,,伊東市,
静岡県6区,静岡県,,,下田市,
静岡県6区,静岡県,,,伊豆市,
静岡県6区,静岡県,,,伊豆の国市,第五区に属しない区域
静岡県6区,静岡県,,賀茂郡,,
静岡県6区,静岡県,,駿東郡,清水町,
静岡県6区,静岡県,,駿東郡,長泉町,
静岡県7区,静岡県,,浜松市,中区,西丘町及び花川町に属する区域に限る。
静岡県7区,静岡県,,浜松市,西区,
静岡県7区,静岡県,,浜松市,南区,高塚町、増楽町、若林町及び東若林町に属する区域に限る。
静岡県7区,静岡県,,浜松市,北区,
静岡県7区,静岡県,,浜松市,浜北区,
静岡県7区,静岡県,,浜松市,天竜区,第三区に属しない区域
静岡県7区,静岡県,,,湖西市,
静岡県8区,静岡県,,浜松市,中区,第七区に属しない区域
静岡県8区,静岡県,,浜松市,東区,
静岡県8区,静岡県,,浜松市,南区,第七区に属しない区域
愛知県1区,愛知県,,名古屋市,東区,
愛知県1区,愛知県,,名古屋市,北区,
愛知県1区,愛知県,,名古屋市,西区,
愛知県1区,愛知県,,名古屋市,中区,
愛知県2区,愛知県,,名古屋市,千種区,
愛知県2区,愛知県,,名古屋市,守山区,
愛知県2区,愛知県,,名古屋市,名東区,
愛知県3区,愛知県,,名古屋市,昭和区,
愛知県3区,愛知県,,名古屋市,緑区,
愛知県3区,愛知県,,名古屋市,天白区,
愛知県4区,愛知県,,名古屋市,瑞穂区,
愛知県4区,愛知県,,名古屋市,熱田区,
愛知県4区,愛知県,,名古屋市,港区,
愛知県4区,愛知県,,名古屋市,南区,
愛知県5区,愛知県,,名古屋市,中村区,
愛知県5区,愛知県,,名古屋市,中川区,
愛知県5区,愛知県,,,清須市,
愛知県5区,愛知県,,,北名古屋市,
愛知県5区,愛知県,,西春日井郡,,
愛知県6区,愛知県,,,春日井市,
愛知県6区,愛知県,,,犬山市,
愛知県6区,愛知県,,,小牧市,
愛知県7区,愛知県,,,瀬戸市,
愛知県7区,愛知県,,,大府市,
愛知県7区,愛知県,,,尾張旭市,
愛知県7区,愛知県,,,豊明市,
愛知県7区,愛知県,,,日進市,
愛知県7区,愛知県,,,長久手市,
愛知県7区,愛知県,,愛知郡,,
愛知県8区,愛知県,,,半田市,
愛知県8区,愛知県,,,常滑市,
愛知県8区,愛知県,,,東海市,
愛知県8区,愛知県,,,知多市,
愛知県8区,愛知県,,知多郡,,
愛知県9区,愛知県,,,一宮市,本庁管内（起、開明、上祖父江、北今、小信中島、三条、玉野、冨田、西五城、西中野、西中野番外、西萩原、蓮池、東五城、東加賀野井、明地、祐久、篭屋一丁目、篭屋二丁目、篭屋三丁目、篭屋四丁目、篭屋五丁目）
愛知県9区,愛知県,,,津島市,
愛知県9区,愛知県,,,稲沢市,
愛知県9区,愛知県,,,愛西市,
愛知県9区,愛知県,,,弥富市,
愛知県9区,愛知県,,,あま市,
愛知県9区,愛知県,,海部郡,,
愛知県10区,愛知県,,,一宮市,第九区に属しない区域
愛知県10区,愛知県,,,江南市,
愛知県10区,愛知県,,,岩倉市,
愛知県10区,愛知県,,丹羽郡,,
愛知県11区,愛知県,,,豊田市,旭地域自治区、足助地域自治区、小原地域自治区、上郷地域自治区、挙母地域自治区、猿投地域自治区、下山地域自治区、高岡地域自治区、高橋地域自治区、藤岡地域自治区、松平地域自治区
愛知県11区,愛知県,,,みよし市,
愛知県12区,愛知県,,,岡崎市,
愛知県12区,愛知県,,,西尾市,
愛知県12区,愛知県,,額田郡,,
愛知県13区,愛知県,,,碧南市,
愛知県13区,愛知県,,,刈谷市,
愛知県13区,愛知県,,,安城市,
愛知県13区,愛知県,,,知立市,
愛知県13区,愛知県,,,高浜市,
愛知県14区,愛知県,,,豊川市,
愛知県14区,愛知県,,,豊田市,第十一区に属しない区域
愛知県14区,愛知県,,,蒲郡市,
愛知県14区,愛知県,,,新城市,
愛知県14区,愛知県,,北設楽郡,,
愛知県15区,愛知県,,,豊橋市,
愛知県15区,愛知県,,,田原市,
三重県1区,三重県,,,津市,本庁管内、津市河芸総合支所管内、津市芸濃総合支所管内、津市美里総合支所管内、津市安濃総合支所管内、津市高野尾出張所管内、津市大里出張所管内、津市一身田出張所管内、津市白塚出張所管内、津市栗真出張所管内、津市安東出張所管内、津市櫛形出張所管内、津市片田出張所管内、津市神戸出張所管内、津市藤水出張所管内、津市高茶屋出張所管内、津市雲出出張所管内
三重県1区,三重県,,,名張市,
三重県1区,三重県,,,伊賀市,
三重県2区,三重県,,,四日市市,四日市市常磐地区市民センター管内、四日市市日永地区市民センター管内、四日市市四郷地区市民センター管内、四日市市内部地区市民センター管内、四日市市塩浜地区市民センター管内、四日市市小山田地区市民センター管内、四日市市川島地区市民センター管内、四日市市桜地区市民センター管内、四日市市河原田地区市民センター管内、四日市市水沢地区市民センター管内、四日市市中部地区市民センター管内、四日市市楠総合支所管内
三重県2区,三重県,,,鈴鹿市,
三重県2区,三重県,,,亀山市,
三重県3区,三重県,,,四日市市,第二区に属しない区域
三重県3区,三重県,,,桑名市,
三重県3区,三重県,,,いなべ市,
三重県3区,三重県,,桑名郡,,
三重県3区,三重県,,員弁郡,,
三重県3区,三重県,,三重郡,,
三重県4区,三重県,,,津市,第一区に属しない区域
三重県4区,三重県,,,松阪市,
三重県4区,三重県,,多気郡,,
三重県5区,三重県,,,伊勢市,
三重県5区,三重県,,,尾鷲市,
三重県5区,三重県,,,鳥羽市,
三重県5区,三重県,,,熊野市,
三重県5区,三重県,,,志摩市,
三重県5区,三重県,,度会郡,,
三重県5区,三重県,,北牟婁郡,,
三重県5区,三重県,,南牟婁郡,,
滋賀県1区,滋賀県,,,大津市,
滋賀県1区,滋賀県,,,高島市,
滋賀県2区,滋賀県,,,彦根市,
滋賀県2区,滋賀県,,,長浜市,
滋賀県2区,滋賀県,,,東近江市,東近江市愛東支所管内、東近江市湖東支所管内
滋賀県2区,滋賀県,,,米原市,
滋賀県2区,滋賀県,,愛知郡,,
滋賀県2区,滋賀県,,犬上郡,,
滋賀県3区,滋賀県,,,草津市,
滋賀県3区,滋賀県,,,守山市,
滋賀県3区,滋賀県,,,栗東市,
滋賀県3区,滋賀県,,,野洲市,
滋賀県4区,滋賀県,,,近江八幡市,
滋賀県4区,滋賀県,,,甲賀市,
滋賀県4区,滋賀県,,,湖南市,
滋賀県4区,滋賀県,,,東近江市,第二区に属しない区域
滋賀県4区,滋賀県,,蒲生郡,,
京都府1区,京都府,,京都市,北区,
京都府1区,京都府,,京都市,上京区,
京都府1区,京都府,,京都市,中京区,
京都府1区,京都府,,京都市,下京区,
京都府1区,京都府,,京都市,南区,
京都府2区,京都府,,京都市,左京区,
京都府2区,京都府,,京都市,東山区,
京都府2区,京都府,,京都市,山科区,
京都府3区,京都府,,京都市,伏見区,
京都府3区,京都府,,,向日市,
京都府3区,京都府,,,長岡京市,
京都府3区,京都府,,乙訓郡,,
京都府4区,京都府,,京都市,右京区,
京都府4区,京都府,,京都市,西京区,
京都府4区,京都府,,,亀岡市,
京都府4区,京都府,,,南丹市,
京都府4区,京都府,,船井郡,,
京都府5区,京都府,,,福知山市,
京都府5区,京都府,,,舞鶴市,
京都府5区,京都府,,,綾部市,
京都府5区,京都府,,,宮津市,
京都府5区,京都府,,,京丹後市,
京都府5区,京都府,,与謝郡,,
京都府6区,京都府,,,宇治市,
京都府6区,京都府,,,城陽市,
京都府6区,京都府,,,八幡市,
京都府6区,京都府,,,京田辺市,
京都府6区,京都府,,,木津川市,
京都府6区,京都府,,久世郡,,
京都府6区,京都府,,綴喜郡,,
京都府6区,京都府,,相楽郡,,
大阪府1区,大阪府,,大阪市,中央区,
大阪府1区,大阪府,,大阪市,西区,
大阪府1区,大阪府,,大阪市,港区,
大阪府1区,大阪府,,大阪市,天王寺区,
大阪府1区,大阪府,,大阪市,浪速区,
大阪府1区,大阪府,,大阪市,生野区,
大阪府2区,大阪府,,大阪市,阿倍野区,
大阪府2区,大阪府,,大阪市,東住吉区,
大阪府2区,大阪府,,大阪市,平野区,
大阪府3区,大阪府,,大阪市,大正区,
大阪府3区,大阪府,,大阪市,住之江区,
大阪府3区,大阪府,,大阪市,住吉区,
大阪府3区,大阪府,,大阪市,西成区,
大阪府4区,大阪府,,大阪市,北区,
大阪府4区,大阪府,,大阪市,都島区,
大阪府4区,大阪府,,大阪市,福島区,
大阪府4区,大阪府,,大阪市,東成区,
大阪府4区,大阪府,,大阪市,城東区,
大阪府5区,大阪府,,大阪市,此花区,
大阪府5区,大阪府,,大阪市,西淀川区,
大阪府5区,大阪府,,大阪市,淀川区,
大阪府5区,大阪府,,大阪市,東淀川区,
大阪府6区,大阪府,,大阪市,旭区,
大阪府6区,大阪府,,大阪市,鶴見区,
大阪府6区,大阪府,,,守口市,
大阪府6区,大阪府,,,門真市,
大阪府7区,大阪府,,,吹田市,
大阪府7区,大阪府,,,摂津市,
大阪府8区,大阪府,,,豊中市,
大阪府9区,大阪府,,,池田市,
大阪府9区,大阪府,,,茨木市,
大阪府9区,大阪府,,,箕面市,
大阪府9区,大阪府,,豊能郡,,
大阪府10区,大阪府,,,高槻市,
大阪府10区,大阪府,,三島郡,,
大阪府11区,大阪府,,,枚方市,
大阪府11区,大阪府,,,交野市,
大阪府12区,大阪府,,,寝屋川市,
大阪府12区,大阪府,,,大東市,
大阪府12区,大阪府,,,四條畷市,
大阪府13区,大阪府,,,東大阪市,
大阪府14区,大阪府,,,八尾市,
大阪府14区,大阪府,,,柏原市,
大阪府14区,大阪府,,,羽曳野市,
大阪府14区,大阪府,,,藤井寺市,
大阪府15区,大阪府,,堺市,美原区,
大阪府15区,大阪府,,,富田林市,
大阪府15区,大阪府,,,河内長野市,
大阪府15区,大阪府,,,松原市,
大阪府15区,大阪府,,,大阪狭山市,
大阪府15区,大阪府,,南河内郡,,
大阪府16区,大阪府,,堺市,堺区,
大阪府16区,大阪府,,堺市,東区,
大阪府16区,大阪府,,堺市,北区,
大阪府17区,大阪府,,堺市,中区,
大阪府17区,大阪府,,堺市,西区,
大阪府17区,大阪府,,堺市,南区,
大阪府18区,大阪府,,,岸和田市,
大阪府18区,大阪府,,,泉大津市,
大阪府18区,大阪府,,,和泉市,
大阪府18区,大阪府,,,高石市,
大阪府18区,大阪府,,泉北郡,,
大阪府19区,大阪府,,,貝塚市,
大阪府19区,大阪府,,,泉佐野市,
大阪府19区,大阪府,,,泉南市,
大阪府19区,大阪府,,,阪南市,
大阪府19区,大阪府,,泉南郡,,
兵庫県1区,兵庫県,,神戸市,東灘区,
兵庫県1区,兵庫県,,神戸市,灘区,
兵庫県1区,兵庫県,,神戸市,中央区,
兵庫県2区,兵庫県,,神戸市,兵庫区,
兵庫県2区,兵庫県,,神戸市,北区,
兵庫県2区,兵庫県,,神戸市,長田区,
兵庫県3区,兵庫県,,神戸市,須磨区,
兵庫県3区,兵庫県,,神戸市,垂水区,
兵庫県4区,兵庫県,,神戸市,西区,
兵庫県4区,兵庫県,,,西脇市,
兵庫県4区,兵庫県,,,三木市,
兵庫県4区,兵庫県,,,小野市,
兵庫県4区,兵庫県,,,加西市,
兵庫県4区,兵庫県,,,加東市,
兵庫県4区,兵庫県,,多可郡,,
兵庫県5区,兵庫県,,,豊岡市,
兵庫県5区,兵庫県,,,三田市,
兵庫県5区,兵庫県,,,篠山市,
兵庫県5区,兵庫県,,,養父市,
兵庫県5区,兵庫県,,,丹波市,
兵庫県5区,兵庫県,,,朝来市,
兵庫県5区,兵庫県,,川辺郡,,
兵庫県5区,兵庫県,,美方郡,,
兵庫県6区,兵庫県,,,伊丹市,
兵庫県6区,兵庫県,,,宝塚市,
兵庫県6区,兵庫県,,,川西市,
兵庫県7区,兵庫県,,,西宮市,
兵庫県7区,兵庫県,,,芦屋市,
兵庫県8区,兵庫県,,,尼崎市,
兵庫県9区,兵庫県,,,明石市,
兵庫県9区,兵庫県,,,洲本市,
兵庫県9区,兵庫県,,,南あわじ市,
兵庫県9区,兵庫県,,,淡路市,
兵庫県10区,兵庫県,,,加古川市,
兵庫県10区,兵庫県,,,高砂市,
兵庫県10区,兵庫県,,加古郡,,
兵庫県11区,兵庫県,,,姫路市,相野、青山、青山一丁目、青山二丁目、青山三丁目、青山四丁目、青山五丁目、青山六丁目、青山北一丁目、青山北二丁目、青山北三丁目、青山西一丁目、青山西二丁目、青山西三丁目、青山西四丁目、青山西五丁目、青山南一丁目、青山南二丁目、青山南三丁目、青山南四丁目、朝日町、阿保、網干区網干浜、網干区大江島、網干区大江島寺前町、網干区大江島古川町、網干区興浜、網干区垣内北町、網干区垣内中町、網干区垣内西町、網干区垣内東町、網干区垣内本町、網干区垣内南町、網干区北新在家、網干区坂出、網干区坂上、網干区新在家、網干区田井、網干区高田、網干区津市場、網干区浜田、網干区福井、網干区宮内、網干区余子浜、網干区和久、嵐山町、飯田、飯田一丁目、飯田二丁目、飯田三丁目、生野町、石倉、市川台一丁目、市川台二丁目、市川台三丁目、市川橋通一丁目、市川橋通二丁目、市之郷、市之郷町一丁目、市之郷町二丁目、市之郷町三丁目、市之郷町四丁目、伊伝居、威徳寺町、井ノ口、今宿、岩端町、魚町、打越、梅ケ枝町、梅ケ谷町、駅前町、太市中、大塩町、大塩町汐咲一丁目、大塩町汐咲二丁目、大塩町汐咲三丁目、大塩町宮前、大津区恵美酒町一丁目、大津区恵美酒町二丁目、大津区大津町一丁目、大津区大津町二丁目、大津区大津町三丁目、大津区大津町四丁目、大津区勘兵衛町一丁目、大津区勘兵衛町二丁目、大津区勘兵衛町三丁目、大津区勘兵衛町四丁目、大津区勘兵衛町五丁目、大津区北天満町、大津区吉美、大津区新町一丁目、大津区新町二丁目、大津区天神町一丁目、大津区天神町二丁目、大津区天満、大津区長松、大津区西土井、大津区平松、大津区真砂町、大野町、岡田、岡町、奥山、鍵町、柿山伏、鍛冶町、片田町、刀出、刀出栄立町、勝原区朝日谷、勝原区大谷、勝原区勝原町、勝原区勝山町、勝原区熊見、勝原区下太田、勝原区宮田、勝原区山戸、勝原区丁、金屋町、兼田、上大野一丁目、上大野二丁目、上大野三丁目、上大野四丁目、上大野五丁目、上大野六丁目、上大野七丁目、上片町、上手野、神屋町、神屋町一丁目、神屋町二丁目、神屋町三丁目、神屋町四丁目、神屋町五丁目、神屋町六丁目、亀井町、亀山、亀山一丁目、亀山二丁目、川西、川西台、神田町一丁目、神田町二丁目、神田町三丁目、神田町四丁目、北今宿一丁目、北今宿二丁目、北今宿三丁目、北新在家一丁目、北新在家二丁目、北新在家三丁目、北原、北平野一丁目、北平野二丁目、北平野三丁目、北平野四丁目、北平野五丁目、北平野六丁目、北平野奥垣内、北平野台町、北平野南の町、北八代一丁目、北八代二丁目、北夢前台一丁目、北夢前台二丁目、木場、木場十八反町、木場前中町、木場前七反町、京口町、京町一丁目、京町二丁目、京町三丁目、楠町、久保町、栗山町、車崎一丁目、車崎二丁目、車崎三丁目、景福寺前、国府寺町、五軒邸一丁目、五軒邸二丁目、五軒邸三丁目、五軒邸四丁目、小姓町、琴岡町、古二階町、河間町、呉服町、米屋町、小利木町、五郎右衛門邸、紺屋町、西庄、材木町、幸町、堺町、坂田町、坂元町、定元町、三左衛門堀西の町、三左衛門堀東の町、三条町一丁目、三条町二丁目、塩町、飾磨区英賀、飾磨区英賀春日町一丁目、飾磨区英賀春日町二丁目、飾磨区英賀清水町一丁目、飾磨区英賀清水町二丁目、飾磨区英賀清水町三丁目、飾磨区英賀西町一丁目、飾磨区英賀西町二丁目、飾磨区英賀西町三丁目、飾磨区英賀東町一丁目、飾磨区英賀東町二丁目、飾磨区英賀保駅前町、飾磨区英賀宮台、飾磨区英賀宮町一丁目、飾磨区英賀宮町二丁目、飾磨区阿成、飾磨区阿成植木、飾磨区阿成鹿古、飾磨区阿成下垣内、飾磨区阿成中垣内、飾磨区阿成渡場、飾磨区今在家、飾磨区今在家二丁目、飾磨区今在家三丁目、飾磨区今在家四丁目、飾磨区今在家五丁目、飾磨区今在家六丁目、飾磨区今在家七丁目、飾磨区今在家北一丁目、飾磨区今在家北二丁目、飾磨区今在家北三丁目、飾磨区入船町、飾磨区恵美酒、飾磨区大浜、飾磨区粕谷新町、飾磨区構、飾磨区構一丁目、飾磨区構二丁目、飾磨区構三丁目、飾磨区構四丁目、飾磨区構五丁目、飾磨区鎌倉町、飾磨区上野田一丁目、飾磨区上野田二丁目、飾磨区上野田三丁目、飾磨区上野田四丁目、飾磨区上野田五丁目、飾磨区上野田六丁目、飾磨区亀山、飾磨区加茂、飾磨区加茂北、飾磨区加茂東、飾磨区加茂南、飾磨区御幸、飾磨区栄町、飾磨区三和町、飾磨区思案橋、飾磨区清水、飾磨区清水一丁目、飾磨区清水二丁目、飾磨区清水三丁目、飾磨区下野田一丁目、飾磨区下野田二丁目、飾磨区下野田三丁目、飾磨区下野田四丁目、飾磨区城南町一丁目、飾磨区城南町二丁目、飾磨区城南町三丁目、飾磨区須加、飾磨区高町、飾磨区高町一丁目、飾磨区高町二丁目、飾磨区蓼野町、飾磨区玉地、飾磨区玉地一丁目、飾磨区付城、飾磨区付城一丁目、飾磨区付城二丁目、飾磨区天神、飾磨区都倉一丁目、飾磨区都倉二丁目、飾磨区都倉三丁目、飾磨区中島、飾磨区中島一丁目、飾磨区中島二丁目、飾磨区中島三丁目、飾磨区中野田一丁目、飾磨区中野田二丁目、飾磨区中野田三丁目、飾磨区中野田四丁目、飾磨区中浜町一丁目、飾磨区中浜町二丁目、飾磨区中浜町三丁目、飾磨区西浜町一丁目、飾磨区西浜町二丁目、飾磨区西浜町三丁目、飾磨区野田町、飾磨区東堀、飾磨区富士見ケ丘町、飾磨区細江、飾磨区堀川町、飾磨区宮、飾磨区三宅一丁目、飾磨区三宅二丁目、飾磨区三宅三丁目、飾磨区妻鹿、飾磨区妻鹿東海町、飾磨区妻鹿常盤町、飾磨区妻鹿日田町、飾磨区矢倉町一丁目、飾磨区矢倉町二丁目、飾磨区山崎、飾磨区山崎台、飾磨区若宮町、飾西、飾西台、飾東町大釜、飾東町大釜新、飾東町小原、飾東町小原新、飾東町唐端新、飾東町北野、飾東町北山、飾東町清住、飾東町佐良和、飾東町塩崎、飾東町志吹、飾東町庄、飾東町豊国、飾東町八重畑、飾東町山崎、飾東町夕陽ケ丘、四郷町明田、四郷町上鈴、四郷町坂元、四郷町中鈴、四郷町東阿保、四郷町本郷、四郷町見野、四郷町山脇、東雲町一丁目、東雲町二丁目、東雲町三丁目、東雲町四丁目、東雲町五丁目、東雲町六丁目、忍町、実法寺、下手野一丁目、下手野二丁目、下手野三丁目、下手野四丁目、下手野五丁目、下手野六丁目、下寺町、十二所前町、庄田、城東町、城東町京口台、城東町五軒屋、城東町清水、城東町竹之門、城東町中河原、城東町野田、城東町毘沙門、城北新町一丁目、城北新町二丁目、城北新町三丁目、城北本町、書写、書写台一丁目、書写台二丁目、書写台三丁目、白国、白国一丁目、白国二丁目、白国三丁目、白国四丁目、白国五丁目、白浜町、白浜町宇佐崎北一丁目、白浜町宇佐崎北二丁目、白浜町宇佐崎北三丁目、白浜町宇佐崎中一丁目、白浜町宇佐崎中二丁目、白浜町宇佐崎中三丁目、白浜町宇佐崎南一丁目、白浜町宇佐崎南二丁目、白浜町神田一丁目、白浜町神田二丁目、白浜町寺家一丁目、白浜町寺家二丁目、白浜町灘浜、白銀町、城見台一丁目、城見台二丁目、城見台三丁目、城見台四丁目、城見町、新在家、新在家一丁目、新在家二丁目、新在家三丁目、新在家四丁目、新在家中の町、新在家本町一丁目、新在家本町二丁目、新在家本町三丁目、新在家本町四丁目、新在家本町五丁目、新在家本町六丁目、神和町、菅生台、総社本町、大黒壱丁町、大寿台一丁目、大寿台二丁目、大善町、田井台、高岡新町、高尾町、鷹匠町、竹田町、龍野町一丁目、龍野町二丁目、龍野町三丁目、龍野町四丁目、龍野町五丁目、龍野町六丁目、立町、田寺一丁目、田寺二丁目、田寺三丁目、田寺四丁目、田寺五丁目、田寺六丁目、田寺七丁目、田寺八丁目、田寺東一丁目、田寺東二丁目、田寺東三丁目、田寺東四丁目、田寺山手町、玉手、玉手一丁目、玉手二丁目、玉手三丁目、玉手四丁目、地内町、中地、中地南町、町田、町坪、町坪南町、千代田町、継、佃町、辻井一丁目、辻井二丁目、辻井三丁目、辻井四丁目、辻井五丁目、辻井六丁目、辻井七丁目、辻井八丁目、辻井九丁目、土山一丁目、土山二丁目、土山三丁目、土山四丁目、土山五丁目、土山六丁目、土山七丁目、土山東の町、手柄、手柄一丁目、手柄二丁目、天神町、東郷町、同心町、豆腐町、砥堀、苫編、苫編南一丁目、苫編南二丁目、豊沢町、豊富町甲丘一丁目、豊富町甲丘二丁目、豊富町甲丘三丁目、豊富町甲丘四丁目、豊富町神谷、豊富町豊富、豊富町御蔭、名古山町、南条、南条一丁目、南条二丁目、南条三丁目、二階町、西今宿一丁目、西今宿二丁目、西今宿三丁目、西今宿四丁目、西今宿五丁目、西今宿六丁目、西今宿七丁目、西今宿八丁目、西駅前町、西新在家一丁目、西新在家二丁目、西新在家三丁目、西新町、西大寿台、西中島、西二階町、西延末、西八代町、西夢前台一丁目、西夢前台二丁目、西夢前台三丁目、西脇、仁豊野、農人町、南畝町、南畝町一丁目、南畝町二丁目、野里、野里上野町一丁目、野里上野町二丁目、野里慶雲寺前町、野里新町、野里月丘町、野里寺町、野里中町、野里東同心町、野里東町、野里堀留町、野里大和町、延末、延末一丁目、白鳥台一丁目、白鳥台二丁目、白鳥台三丁目、博労町、橋之町、花影町一丁目、花影町二丁目、花影町三丁目、花影町四丁目、花田町一本松、花田町小川、花田町加納原田、花田町上原田、花田町高木、花田町勅旨、林田町大堤、林田町奥佐見、林田町上伊勢、林田町上構、林田町口佐見、林田町久保、林田町下伊勢、林田町下構、林田町新町、林田町中構、林田町中山下、林田町林田、林田町林谷、林田町松山、林田町六九谷、林田町八幡、林田町山田、東今宿一丁目、東今宿二丁目、東今宿三丁目、東今宿四丁目、東今宿五丁目、東今宿六丁目、東駅前町、東辻井一丁目、東辻井二丁目、東辻井三丁目、東辻井四丁目、東延末、東延末一丁目、東延末二丁目、東延末三丁目、東延末四丁目、東延末五丁目、東山、東夢前台一丁目、東夢前台二丁目、東夢前台三丁目、日出町一丁目、日出町二丁目、日出町三丁目、平野町、広畑区吾妻町一丁目、広畑区吾妻町二丁目、広畑区吾妻町三丁目、広畑区大町一丁目、広畑区大町二丁目、広畑区大町三丁目、広畑区蒲田、広畑区蒲田一丁目、広畑区蒲田二丁目、広畑区蒲田三丁目、広畑区蒲田四丁目、広畑区蒲田五丁目、広畑区北河原町、広畑区北野町一丁目、広畑区北野町二丁目、広畑区京見町、広畑区小坂、広畑区小松町一丁目、広畑区小松町二丁目、広畑区小松町三丁目、広畑区小松町四丁目、広畑区才、広畑区清水町一丁目、広畑区清水町二丁目、広畑区清水町三丁目、広畑区城山町、広畑区末広町一丁目、広畑区末広町二丁目、広畑区末広町三丁目、広畑区正門通一丁目、広畑区正門通二丁目、広畑区正門通三丁目、広畑区正門通四丁目、広畑区高浜町一丁目、広畑区高浜町二丁目、広畑区高浜町三丁目、広畑区高浜町四丁目、広畑区鶴町一丁目、広畑区鶴町二丁目、広畑区長町一丁目、広畑区長町二丁目、広畑区西蒲田、広畑区西夢前台四丁目、広畑区西夢前台五丁目、広畑区西夢前台六丁目、広畑区西夢前台七丁目、広畑区西夢前台八丁目、広畑区則直、広畑区早瀬町一丁目、広畑区早瀬町二丁目、広畑区早瀬町三丁目、広畑区東新町一丁目、広畑区東新町二丁目、広畑区東新町三丁目、広畑区東夢前台四丁目、広畑区富士町、広畑区本町一丁目、広畑区本町二丁目、広畑区本町三丁目、広畑区本町四丁目、広畑区本町五丁目、広畑区本町六丁目、広畑区夢前町一丁目、広畑区夢前町二丁目、広畑区夢前町三丁目、広畑区夢前町四丁目、広峰一丁目、広峰二丁目、広嶺山、福居町、福沢町、福中町、福本町、藤ケ台、双葉町、船丘町、船津町、船橋町二丁目、船橋町三丁目、船橋町四丁目、船橋町五丁目、船橋町六丁目、別所町家具町、別所町北宿、別所町小林、別所町佐土、別所町佐土一丁目、別所町佐土二丁目、別所町佐土三丁目、別所町佐土新、別所町別所、別所町別所一丁目、別所町別所二丁目、別所町別所三丁目、別所町別所四丁目、別所町別所五丁目、北条、北条一丁目、北条梅原町、北条口一丁目、北条口二丁目、北条口三丁目、北条口四丁目、北条口五丁目、北条永良町、北条宮の町、保城、坊主町、峰南町、本町、増位新町一丁目、増位新町二丁目、増位本町一丁目、増位本町二丁目、的形町福泊、的形町的形、丸尾町、御国野町国分寺、御国野町御着、御国野町西御着、御国野町深志野、神子岡前一丁目、神子岡前二丁目、神子岡前三丁目、神子岡前四丁目、御立北一丁目、御立北二丁目、御立北三丁目、御立北四丁目、御立中一丁目、御立中二丁目、御立中三丁目、御立中四丁目、御立中五丁目、御立中六丁目、御立中七丁目、御立中八丁目、御立西一丁目、御立西二丁目、御立西三丁目、御立西四丁目、御立西五丁目、御立西六丁目、御立東一丁目、御立東二丁目、御立東三丁目、御立東四丁目、御立東五丁目、御立東六丁目、緑台一丁目、緑台二丁目、南今宿、南駅前町、南車崎一丁目、南車崎二丁目、南新在家、南町、南八代町、宮上町一丁目、宮上町二丁目、宮西町一丁目、宮西町二丁目、宮西町三丁目、宮西町四丁目、睦町、元塩町、元町、八家、八木町、八代、八代東光寺町、八代本町一丁目、八代本町二丁目、八代緑ケ丘町、八代宮前町、安田一丁目、安田二丁目、安田三丁目、安田四丁目、柳町、山田町北山田、山田町多田、山田町西山田、山田町牧野、山田町南山田、山野井町、山畑新田、山吹一丁目、山吹二丁目、吉田町、米田町、余部区上川原、余部区上余部、余部区下余部、六角、若菜町一丁目、若菜町二丁目、綿町
兵庫県12区,兵庫県,,,姫路市,第十一区に属しない区域
兵庫県12区,兵庫県,,,相生市,
兵庫県12区,兵庫県,,,赤穂市,
兵庫県12区,兵庫県,,,宍粟市,
兵庫県12区,兵庫県,,,たつの市,
兵庫県12区,兵庫県,,神崎郡,,
兵庫県12区,兵庫県,,揖保郡,,
兵庫県12区,兵庫県,,赤穂郡,,
兵庫県12区,兵庫県,,佐用郡,,
奈良県1区,奈良県,,,奈良市,本庁管内、奈良市西部出張所管内、奈良市北部出張所管内、奈良市東部出張所管内、奈良市月ヶ瀬行政センター管内
奈良県2区,奈良県,,,奈良市,第一区に属しない区域
奈良県2区,奈良県,,,大和郡山市,
奈良県2区,奈良県,,,天理市,
奈良県2区,奈良県,,,生駒市,
奈良県2区,奈良県,,山辺郡,,
奈良県2区,奈良県,,生駒郡,,
奈良県3区,奈良県,,,大和高田市,
奈良県3区,奈良県,,,御所市,
奈良県3区,奈良県,,,香芝市,
奈良県3区,奈良県,,,城市,
奈良県3区,奈良県,,磯城郡,,
奈良県3区,奈良県,,北葛城郡,,
奈良県4区,奈良県,,,橿原市,
奈良県4区,奈良県,,,桜井市,
奈良県4区,奈良県,,,五條市,
奈良県4区,奈良県,,,宇陀市,
奈良県4区,奈良県,,宇陀郡,,
奈良県4区,奈良県,,高市郡,,
奈良県4区,奈良県,,吉野郡,,
和歌山県1区,和歌山県,,,和歌山市,
和歌山県2区,和歌山県,,,海南市,
和歌山県2区,和歌山県,,,橋本市,
和歌山県2区,和歌山県,,,有田市,
和歌山県2区,和歌山県,,,紀の川市,
和歌山県2区,和歌山県,,,岩出市,
和歌山県2区,和歌山県,,海草郡,,
和歌山県2区,和歌山県,,伊都郡,,
和歌山県3区,和歌山県,,,御坊市,
和歌山県3区,和歌山県,,,田辺市,
和歌山県3区,和歌山県,,,新宮市,
和歌山県3区,和歌山県,,有田郡,,
和歌山県3区,和歌山県,,日高郡,,
和歌山県3区,和歌山県,,西牟婁郡,,
和歌山県3区,和歌山県,,東牟婁郡,,
鳥取県1区,鳥取県,,,鳥取市,
鳥取県1区,鳥取県,,,倉吉市,
鳥取県1区,鳥取県,,岩美郡,,
鳥取県1区,鳥取県,,八頭郡,,
鳥取県1区,鳥取県,,東伯郡,三朝町,
鳥取県2区,鳥取県,,米子市,,
鳥取県2区,鳥取県,,境港市,,
鳥取県2区,鳥取県,,東伯郡,湯梨浜町,
鳥取県2区,鳥取県,,東伯郡,琴浦町,
鳥取県2区,鳥取県,,東伯郡,北栄町,
鳥取県2区,鳥取県,,西伯郡,,
鳥取県2区,鳥取県,,日野郡,,
島根県1区,島根県,,,松江市,
島根県1区,島根県,,,出雲市,平田支所管内
島根県1区,島根県,,,安来市,
島根県1区,島根県,,,雲南市,雲南市大東総合センター管内、雲南市加茂総合センター管内、雲南市木次総合センター管内
島根県1区,島根県,,仁多郡,,
島根県1区,島根県,,隠岐郡,,
島根県2区,島根県,,,浜田市,
島根県2区,島根県,,,出雲市,第一区に属しない区域
島根県2区,島根県,,,益田市,
島根県2区,島根県,,,大田市,
島根県2区,島根県,,,江津市,
島根県2区,島根県,,,雲南市,第一区に属しない区域
島根県2区,島根県,,飯石郡,,
島根県2区,島根県,,邑智郡,,
島根県2区,島根県,,鹿足郡,,
岡山県1区,岡山県,,岡山市,北区,本庁管内（祇園、後楽園、中原及び牟佐に属する区域を除く。）、北区役所御津支所管内、北区役所建部支所管内
岡山県1区,岡山県,,岡山市,南区,青江六丁目、あけぼの町、泉田、泉田一丁目、泉田二丁目、泉田三丁目、泉田四丁目、泉田五丁目、内尾、浦安西町、浦安本町、浦安南町、大福、海岸通一丁目、海岸通二丁目、古新田、市場一丁目、市場二丁目、下中野、新福一丁目、新福二丁目、新保、洲崎一丁目、洲崎二丁目、洲崎三丁目、妹尾、妹尾崎、曽根、立川町、築港栄町、築港新町一丁目、築港新町二丁目、築港ひかり町、築港緑町一丁目、築港緑町二丁目、築港緑町三丁目、築港元町、千鳥町、当新田、富浜町、豊成一丁目、豊成二丁目、豊成三丁目、豊浜町、中畦、並木町一丁目、並木町二丁目、南輝一丁目、南輝二丁目、南輝三丁目、西市、西畦、浜野一丁目、浜野二丁目、浜野三丁目、浜野四丁目、東畦、平福一丁目、平福二丁目、福島一丁目、福島二丁目、福島三丁目、福島四丁目、福田、福富中一丁目、福富中二丁目、福富西一丁目、福富西二丁目、福富西三丁目、福富東一丁目、福富東二丁目、福成一丁目、福成二丁目、福成三丁目、福浜町、福浜西町、福吉町、藤田、松浜町、万倍、箕島、三浜町一丁目、三浜町二丁目、山田、米倉、若葉町）、
岡山県1区,岡山県,,加賀郡,吉備中央町,本庁管内（広面、上加茂、下加茂、美原、加茂市場、高谷、平岡、上野、竹部、上田東、細田、三納谷、上田西、円城、案田、高富、神瀬、船津、小森）、吉備中央町役場井原出張所管内）
岡山県2区,岡山県,,岡山市,北区,第一区に属しない区域
岡山県2区,岡山県,,岡山市,中区,
岡山県2区,岡山県,,岡山市,東区,本庁管内
岡山県2区,岡山県,,岡山市,南区,第一区に属しない区域
岡山県2区,岡山県,,,玉野市,
岡山県2区,岡山県,,,瀬戸内市,
岡山県3区,岡山県,,岡山市,東区,第二区に属しない区域
岡山県3区,岡山県,,,津山市,
岡山県3区,岡山県,,,前市,
岡山県3区,岡山県,,,赤磐市,
岡山県3区,岡山県,,,真庭市,本庁管内、真庭市蒜山振興局管内、真庭市落合支局管内、真庭市勝山支局管内、真庭市美甘支局管内、真庭市湯原支局管内
岡山県3区,岡山県,,,美作市,
岡山県3区,岡山県,,和気郡,,
岡山県3区,岡山県,,真庭郡,,
岡山県3区,岡山県,,苫田郡,,
岡山県3区,岡山県,,勝田郡,,
岡山県3区,岡山県,,英田郡,,
岡山県3区,岡山県,,久米郡,,
岡山県4区,岡山県,,,倉敷市,本庁管内、倉敷市児島支所管内、倉敷市玉島支所管内、倉敷市水島支所管内、倉敷市庄支所管内、倉敷市茶屋町支所管内
岡山県4区,岡山県,,都窪郡,,
岡山県5区,岡山県,,,倉敷市,第四区に属しない区域
岡山県5区,岡山県,,,笠岡市,
岡山県5区,岡山県,,,井原市,
岡山県5区,岡山県,,,総社市,
岡山県5区,岡山県,,,高梁市,
岡山県5区,岡山県,,,新見市,
岡山県5区,岡山県,,,真庭市,第三区に属しない区域
岡山県5区,岡山県,,,浅口市,
岡山県5区,岡山県,,浅口郡,,
岡山県5区,岡山県,,小田郡,,
岡山県5区,岡山県,,加賀郡,吉備中央町,第一区に属しない区域
広島県1区,広島県,,広島市,中区,
広島県1区,広島県,,広島市,東区,
広島県1区,広島県,,広島市,南区,
広島県2区,広島県,,広島市,西区,
広島県2区,広島県,,広島市,佐伯区,
広島県2区,広島県,,,大竹市,
広島県2区,広島県,,,廿日市市,
広島県2区,広島県,,,江田島市,本庁管内、江田島市沖美支所管内、江田島市大柿支所管内、江田島市鹿川出張所管内、江田島市高田出張所管内
広島県3区,広島県,,広島市,安佐南区,
広島県3区,広島県,,広島市,安佐北区,
広島県3区,広島県,,,安芸高田市,
広島県3区,広島県,,山県郡,,
広島県4区,広島県,,広島市,安芸区,
広島県4区,広島県,,,三原市,三原市大和支所管内
広島県4区,広島県,,,東広島市,本庁管内、東広島市八本松出張所管内、東広島市志和出張所管内、東広島市高屋出張所管内、東広島市黒瀬支所管内、東広島市福富支所管内、東広島市豊栄支所管内、東広島市河内支所管内
広島県4区,広島県,,安芸郡,,
広島県5区,広島県,,,呉市,
広島県5区,広島県,,,竹原市,
広島県5区,広島県,,,三原市,三原市本郷支所管内
広島県5区,広島県,,,尾道市,尾道市役所瀬戸田支所管内
広島県5区,広島県,,,東広島市,第四区に属しない区域
広島県5区,広島県,,,江田島市,第二区に属しない区域
広島県5区,広島県,,豊田郡,,
広島県6区,広島県,,,三原市,第四区及び第五区に属しない区域
広島県6区,広島県,,,尾道市,第五区に属しない区域
広島県6区,広島県,,,府中市,
広島県6区,広島県,,,三次市,
広島県6区,広島県,,,庄原市,
広島県6区,広島県,,世羅郡,,
広島県6区,広島県,,神石郡,,
広島県7区,広島県,,,福山市,
山口県1区,山口県,,,山口市,山口市山口総合支所管内、山口市小郡総合支所管内、山口市秋穂総合支所管内、山口市阿知須総合支所管内、山口市徳地総合支所管内
山口県1区,山口県,,,防府市,
山口県1区,山口県,,,周南市,本庁管内、周南市新南陽総合支所管内、周南市鹿野総合支所管内、周南市櫛浜支所管内、周南市鼓南支所管内、周南市久米支所管内、周南市菊川支所管内、周南市夜市支所管内、周南市戸田支所管内、周南市湯野支所管内、周南市大津島支所管内、周南市向道支所管内、周南市長穂支所管内、周南市須々万支所管内、周南市中須支所管内、周南市須金支所管内
山口県2区,山口県,,,下松市,
山口県2区,山口県,,,岩国市,
山口県2区,山口県,,,光市,
山口県2区,山口県,,,柳井市,
山口県2区,山口県,,,周南市,第一区に属しない区域
山口県2区,山口県,,大島郡,,
山口県2区,山口県,,玖珂郡,,
山口県2区,山口県,,熊毛郡,,
山口県3区,山口県,,,宇部市,
山口県3区,山口県,,,山口市,第一区に属しない区域
山口県3区,山口県,,,萩市,
山口県3区,山口県,,,美祢市,
山口県3区,山口県,,,山陽小野田市,
山口県3区,山口県,,阿武郡,,
山口県4区,山口県,,,下関市,
山口県4区,山口県,,,長門市,
徳島県1区,徳島県,,,徳島市,
徳島県1区,徳島県,,,小松島市,
徳島県1区,徳島県,,,阿南市,
徳島県1区,徳島県,,勝浦郡,,
徳島県1区,徳島県,,名東郡,,
徳島県1区,徳島県,,名西郡,,
徳島県1区,徳島県,,那賀郡,,
徳島県1区,徳島県,,海部郡,,
徳島県2区,徳島県,,,鳴門市,
徳島県2区,徳島県,,,吉野川市,
徳島県2区,徳島県,,,阿波市,
徳島県2区,徳島県,,,美馬市,
徳島県2区,徳島県,,,三好市,
徳島県2区,徳島県,,板野郡,,
徳島県2区,徳島県,,美馬郡,,
徳島県2区,徳島県,,三好郡,,
香川県1区,香川県,,,高松市,本庁管内、山田支所管内、鶴尾出張所管内、太田出張所管内、木太出張所管内、古高松出張所管内、屋島出張所管内、前田出張所管内、川添出張所管内、林出張所管内、三谷出張所管内、仏生山出張所管内、香西出張所管内、一宮出張所管内、多肥出張所管内、川岡出張所管内、円座出張所管内、檀紙出張所管内、弦打出張所管内、鬼無出張所管内、下笠居出張所管内、女木出張所管内、男木出張所管内
香川県1区,香川県,,小豆郡,,
香川県1区,香川県,,香川郡,,
香川県2区,香川県,,,高松市,第一区に属しない区域
香川県2区,香川県,,,丸亀市,綾歌市民総合センター管内、飯山市民総合センター管内
香川県2区,香川県,,,坂出市,
香川県2区,香川県,,,さぬき市,
香川県2区,香川県,,,東かがわ市,
香川県2区,香川県,,木田郡,,
香川県2区,香川県,,綾歌郡,,
香川県3区,香川県,,,丸亀市,第二区に属しない区域
香川県3区,香川県,,,善通寺市,
香川県3区,香川県,,,観音寺市,
香川県3区,香川県,,,三豊市,
香川県3区,香川県,,仲多度郡,,
愛媛県1区,愛媛県,,,松山市,本庁管内、桑原支所管内、道後支所管内、味生支所管内、生石支所管内、垣生支所管内、三津浜支所管内、久枝支所管内、潮見支所管内、和気支所管内、堀江支所管内、余土支所管内、興居島支所管内、久米支所管内、湯山支所管内、伊台支所管内、五明支所管内、小野支所管内、浮穴支所管内、石井支所管内、久谷支所管内
愛媛県2区,愛媛県,,,松山市,第一区に属しない区域
愛媛県2区,愛媛県,,,今治市,
愛媛県2区,愛媛県,,,東温市,
愛媛県2区,愛媛県,,越智郡,,
愛媛県2区,愛媛県,,上浮穴郡,,
愛媛県2区,愛媛県,,伊予郡,,
愛媛県3区,愛媛県,,,新居浜市,
愛媛県3区,愛媛県,,,西条市,
愛媛県3区,愛媛県,,,四国中央市,
愛媛県4区,愛媛県,,,宇和島市,
愛媛県4区,愛媛県,,,八幡浜市,
愛媛県4区,愛媛県,,,大洲市,
愛媛県4区,愛媛県,,,伊予市,
愛媛県4区,愛媛県,,,西予市,
愛媛県4区,愛媛県,,喜多郡,,
愛媛県4区,愛媛県,,西宇和郡,,
愛媛県4区,愛媛県,,北宇和郡,,
愛媛県4区,愛媛県,,南宇和郡,,
高知県1区,高知県,,,高知市,上町一丁目、上町二丁目、上町三丁目、上町四丁目、上町五丁目、本丁筋、水通町、通町、唐人町、与力町、鷹匠町一丁目、鷹匠町二丁目、本町一丁目、本町二丁目、本町三丁目、本町四丁目、本町五丁目、升形、帯屋町一丁目、帯屋町二丁目、追手筋一丁目、追手筋二丁目、廿代町、永国寺町、丸ノ内一丁目、丸ノ内二丁目、中の島、九反田、菜園場町、農人町、城見町、堺町、南はりまや町一丁目、南はりまや町二丁目、弘化台、桜井町一丁目、桜井町二丁目、はりまや町一丁目、はりまや町二丁目、はりまや町三丁目、宝永町、弥生町、丸池町、小倉町、東雲町、日の出町、知寄町一丁目、知寄町二丁目、知寄町三丁目、青柳町、稲荷町、若松町、高埇、杉井流、北金田、南金田、札場、南御座、北御座、南川添、北川添、北久保、南久保、海老ノ丸、中宝永町、南宝永町、二葉町、入明町、洞ヶ島町、寿町、中水道、幸町、伊勢崎町、相模町、吉田町、愛宕町一丁目、愛宕町二丁目、愛宕町三丁目、愛宕町四丁目、大川筋一丁目、大川筋二丁目、駅前町、相生町、江陽町、北本町一丁目、北本町二丁目、北本町三丁目、北本町四丁目、新本町一丁目、新本町二丁目、昭和町、和泉町、塩田町、比島町一丁目、比島町二丁目、比島町三丁目、比島町四丁目、栄田町一丁目、栄田町二丁目、栄田町三丁目、井口町、平和町、三ノ丸、宮前町、西町、大膳町、山ノ端町、桜馬場、城北町、北八反町、宝町、小津町、越前町一丁目、越前町二丁目、新屋敷一丁目、新屋敷二丁目、八反町一丁目、八反町二丁目、東城山町、城山町、東石立町、石立町、玉水町、縄手町、鏡川町、下島町、旭町一丁目、旭町二丁目、旭町三丁目、赤石町、中須賀町、旭駅前町、元町、南元町、旭上町、水源町、本宮町、上本宮町、大谷、岩ヶ淵、鳥越、塚ノ原、西塚ノ原、長尾山町、旭天神町、佐々木町、北端町、山手町、横内、口細山、尾立、蓮台、福井町、福井扇町、福井東町、池、仁井田、種崎、十津一丁目、十津二丁目、十津三丁目、十津四丁目、十津五丁目、十津六丁目、吸江、五台山、屋頭、高須、葛島一丁目、葛島二丁目、葛島三丁目、葛島四丁目、高須新町一丁目、高須新町二丁目、高須新町三丁目、高須新町四丁目、高須砂地、高須本町、高須新木、高須一丁目、高須二丁目、高須三丁目、高須東町、高須西町、高須絶海、高須大谷、高須大島、布師田、一宮、薊野、重倉、久礼野、薊野西町一丁目、薊野西町二丁目、薊野西町三丁目、薊野北町一丁目、薊野北町二丁目、薊野北町三丁目、薊野北町四丁目、薊野東町、薊野中町、薊野南町、一宮西町一丁目、一宮西町二丁目、一宮西町三丁目、一宮西町四丁目、一宮しなね一丁目、一宮しなね二丁目、一宮南町一丁目、一宮南町二丁目、一宮中町一丁目、一宮中町二丁目、一宮中町三丁目、一宮東町一丁目、一宮東町二丁目、一宮東町三丁目、一宮東町四丁目、一宮東町五丁目、一宮徳谷、愛宕山、前里、東秦泉寺、中秦泉寺、三園町、西秦泉寺、北秦泉寺、宇津野、三谷、七ツ淵、加賀野井一丁目、加賀野井二丁目、愛宕山南町、秦南町一丁目、秦南町二丁目、東久万、中久万、西久万、南久万、万々、中万々、南万々、柴巻、円行寺、一ツ橋町一丁目、一ツ橋町二丁目、みづき一丁目、みづき二丁目、みづき三丁目、みづき山、大津甲、大津乙、介良甲、介良乙、介良丙、介良、潮見台一丁目、潮見台二丁目、潮見台三丁目、鏡大河内、鏡小浜、鏡大利、鏡今井、鏡草峰、鏡白岩、鏡狩山、鏡吉原、鏡的渕、鏡去坂、鏡竹奈路、鏡敷ノ山、鏡柿ノ又、鏡横矢、鏡増原、鏡葛山、鏡梅ノ木、鏡小山、土佐山菖蒲、土佐山西川、土佐山梶谷、土佐山、土佐山高川、土佐山桑尾、土佐山都網、土佐山弘瀬、土佐山東川、土佐山中切
高知県1区,高知県,,,室戸市,
高知県1区,高知県,,,安芸市,
高知県1区,高知県,,,南国市,
高知県1区,高知県,,,香南市,
高知県1区,高知県,,,香美市,
高知県1区,高知県,,安芸郡,,
高知県1区,高知県,,長岡郡,,
高知県1区,高知県,,土佐郡,,
高知県2区,高知県,,,高知市,第一区に属しない区域
高知県2区,高知県,,,土佐市,
高知県2区,高知県,,,須崎市,
高知県2区,高知県,,,宿毛市,
高知県2区,高知県,,,土佐清水市,
高知県2区,高知県,,,四万十市,
高知県2区,高知県,,吾川郡,,
高知県2区,高知県,,高岡郡,,
高知県2区,高知県,,幡多郡,,
福岡県1区,福岡県,,福岡市,東区,
福岡県1区,福岡県,,福岡市,博多区,
福岡県2区,福岡県,,福岡市,中央区,
福岡県2区,福岡県,,福岡市,南区,
福岡県2区,福岡県,,福岡市,城南区,
福岡県3区,福岡県,,福岡市,早良区,
福岡県3区,福岡県,,福岡市,西区,
福岡県3区,福岡県,,,糸島市,
福岡県4区,福岡県,,,宗像市,
福岡県4区,福岡県,,,古賀市,
福岡県4区,福岡県,,,福津市,
福岡県4区,福岡県,,糟屋郡,,
福岡県5区,福岡県,,,筑紫野市,
福岡県5区,福岡県,,,春日市,
福岡県5区,福岡県,,,大野城市,
福岡県5区,福岡県,,,太宰府市,
福岡県5区,福岡県,,,朝倉市,
福岡県5区,福岡県,,筑紫郡,,
福岡県5区,福岡県,,朝倉郡,,
福岡県6区,福岡県,,,久留米市,
福岡県6区,福岡県,,,大川市,
福岡県6区,福岡県,,,小郡市,
福岡県6区,福岡県,,,うきは市,
福岡県6区,福岡県,,三井郡,,
福岡県6区,福岡県,,三潴郡,,
福岡県7区,福岡県,,,大牟田市,
福岡県7区,福岡県,,,柳川市,
福岡県7区,福岡県,,,八女市,
福岡県7区,福岡県,,,筑後市,
福岡県7区,福岡県,,,みやま市,
福岡県7区,福岡県,,八女郡,,
福岡県8区,福岡県,,,直方市,
福岡県8区,福岡県,,,飯塚市,
福岡県8区,福岡県,,,中間市,
福岡県8区,福岡県,,,宮若市,
福岡県8区,福岡県,,,嘉麻市,
福岡県8区,福岡県,,遠賀郡,,
福岡県8区,福岡県,,鞍手郡,,
福岡県8区,福岡県,,嘉穂郡,,
福岡県9区,福岡県,,北九州市,若松区,
福岡県9区,福岡県,,北九州市,八幡東区,
福岡県9区,福岡県,,北九州市,八幡西区,
福岡県9区,福岡県,,北九州市,戸畑区,
福岡県10区,福岡県,,北九州市,門司区,
福岡県10区,福岡県,,北九州市,小倉北区,
福岡県10区,福岡県,,北九州市,小倉南区,
福岡県11区,福岡県,,,田川市,
福岡県11区,福岡県,,,行橋市,
福岡県11区,福岡県,,,豊前市,
福岡県11区,福岡県,,田川郡,,
福岡県11区,福岡県,,京都郡,,
福岡県11区,福岡県,,築上郡,,
佐賀県1区,佐賀県,,,佐賀市,
佐賀県1区,佐賀県,,,鳥栖市,
佐賀県1区,佐賀県,,,神埼市,
佐賀県1区,佐賀県,,神埼郡,,
佐賀県1区,佐賀県,,三養基郡,,
佐賀県2区,佐賀県,,,唐津市,
佐賀県2区,佐賀県,,,多久市,
佐賀県2区,佐賀県,,,伊万里市,
佐賀県2区,佐賀県,,,武雄市,
佐賀県2区,佐賀県,,,鹿島市,
佐賀県2区,佐賀県,,,小城市,
佐賀県2区,佐賀県,,,嬉野市,
佐賀県2区,佐賀県,,東松浦郡,,
佐賀県2区,佐賀県,,西松浦郡,,
佐賀県2区,佐賀県,,杵島郡,,
佐賀県2区,佐賀県,,藤津郡,,
長崎県1区,長崎県,,,長崎市,本庁管内、小ケ倉支所管内、土井首支所管内、小榊支所管内、西浦上支所管内、福田支所管内、深堀支所管内、日見支所管内、茂木支所管内、式見支所管内、東長崎支所管内、三重支所管内、香焼行政センター管内、伊王島行政センター管内、高島行政センター管内、野母崎行政センター管内、三和行政センター管内
長崎県2区,長崎県,,,長崎市,第一区に属しない区域
長崎県2区,長崎県,,,島原市,
長崎県2区,長崎県,,,諫早市,
長崎県2区,長崎県,,,西海市,
長崎県2区,長崎県,,,雲仙市,
長崎県2区,長崎県,,,南島原市,
長崎県2区,長崎県,,西彼杵郡,,
長崎県3区,長崎県,,,佐世保市,佐世保市役所早岐支所管内、佐世保市役所三川内支所管内、佐世保市役所宮支所管内
長崎県3区,長崎県,,,大村市,
長崎県3区,長崎県,,,対馬市,
長崎県3区,長崎県,,,壱岐市,
長崎県3区,長崎県,,,五島市,
長崎県3区,長崎県,,東彼杵郡,,
長崎県3区,長崎県,,南松浦郡,,
長崎県4区,長崎県,,,佐世保市,第三区に属しない区域
長崎県4区,長崎県,,,平戸市,
長崎県4区,長崎県,,,松浦市,
長崎県4区,長崎県,,北松浦郡,,
熊本県1区,熊本県,,熊本市,中央区,安政町、井川淵町、出水一丁目、出水二丁目、出水三丁目、出水四丁目、出水五丁目、出水六丁目、出水七丁目、出水八丁目、板屋町、魚屋町一丁目、魚屋町二丁目、魚屋町三丁目、内坪井町、江津二丁目、大江本町、大江一丁目、大江二丁目、大江三丁目、大江四丁目、大江五丁目、大江六丁目、岡田町、帯山一丁目、帯山二丁目、帯山三丁目、帯山四丁目、帯山五丁目、帯山六丁目、帯山七丁目、帯山八丁目、帯山九丁目、鍛冶屋町、上鍛冶屋町、上京塚町、上水前寺一丁目、上水前寺二丁目、上通町、上林町、辛島町、川端町、河原町、北千反畑町、京町本丁、京町一丁目、京町二丁目、草葉町、九品寺一丁目、九品寺二丁目、九品寺三丁目、九品寺四丁目、九品寺五丁目、九品寺六丁目、黒髪一丁目、黒髪二丁目、黒髪三丁目、黒髪四丁目、黒髪五丁目、黒髪六丁目、黒髪七丁目、黒髪八丁目、神水本町、神水一丁目、神水二丁目、慶徳堀町、紺屋阿弥陀寺町、紺屋今町、紺屋町一丁目、紺屋町二丁目、紺屋町三丁目、子飼本町、国府本町、国府一丁目、国府二丁目、国府三丁目、国府四丁目、小沢町、古城町、壺川一丁目、壺川二丁目、湖東一丁目、呉服町一丁目、呉服町二丁目、呉服町三丁目、米屋町一丁目、米屋町二丁目、米屋町三丁目、細工町一丁目、細工町二丁目、細工町三丁目、細工町四丁目、細工町五丁目、桜町、三郎一丁目、島崎一丁目、下通一丁目、下通二丁目、城東町、新大江一丁目、新大江二丁目、新大江三丁目、新鍛冶屋町、新市街、新町一丁目、新町二丁目、新町三丁目、新町四丁目、新屋敷一丁目、新屋敷二丁目、新屋敷三丁目、水前寺公園、水前寺一丁目、水前寺二丁目、水前寺三丁目、水前寺四丁目、水前寺五丁目、水前寺六丁目、水道町、菅原町、船場町下一丁目、船場町二丁目、船場町三丁目、段山本町、千葉城町、中央街、坪井一丁目、坪井二丁目、坪井三丁目、坪井四丁目、坪井五丁目、坪井六丁目、手取本町、通町、渡鹿一丁目渡鹿二丁目、渡鹿三丁目、渡鹿四丁目、渡鹿五丁目、渡鹿六丁目、渡鹿七丁目、中唐人町、西阿弥陀寺町、西子飼町、西唐人町、二の丸、白山一丁目、白山二丁目、白山三丁目、花畑町、東阿弥陀寺町、東京塚町、東子飼町、古桶屋町、古川町、古京町、古大工町、保田窪一丁目、保田窪二丁目、本丸、松原町、南千反畑町、南坪井町、宮内、妙体寺町、室園町、薬園町、山崎町、横紺屋町、万町一丁目、万町二丁目、練兵町
熊本県1区,熊本県,,熊本市,東区,
熊本県1区,熊本県,,熊本市,西区,池亀町、池田一丁目、池田二丁目、池田三丁目、池田四丁目、上熊本一丁目、上熊本二丁目、上熊本三丁目、京町本丁、津浦町、出町、稗田町）、
熊本県1区,熊本県,,熊本市,北区,麻生田一丁目、麻生田二丁目、麻生田三丁目、麻生田四丁目、麻生田五丁目、改寄町、池田三丁目、和泉町、兎谷一丁目、兎谷二丁目、兎谷三丁目、打越町、大窪一丁目、大窪二丁目、大窪三丁目、大窪四丁目、大窪五丁目、大鳥居町、梶尾町、鹿子木町、釜尾町、北迫町、楠一丁目、楠二丁目、楠三丁目、楠四丁目、楠五丁目、楠六丁目、楠七丁目、楠八丁目、楠野町、黒髪町大字坪井、黒髪七丁目、小糸山町、清水岩倉一丁目、清水岩倉二丁目、清水岩倉三丁目、清水亀井町、清水新地一丁目、清水新地二丁目、清水新地三丁目、清水新地四丁目、清水新地五丁目、清水新地六丁目、清水新地七丁目、清水東町、清水本町、清水町大字打越、清水町大字松崎、清水町大字室園、清水万石一丁目、清水万石二丁目、清水万石三丁目、清水万石四丁目、清水万石五丁目、下硯川町、下硯川一丁目、下硯川二丁目、硯川町、高平一丁目、高平二丁目、高平三丁目、龍田陳内一丁目、龍田陳内二丁目、龍田陳内三丁目、龍田陳内四丁目、龍田町弓削、龍田弓削一丁目、龍田弓削二丁目、龍田一丁目、龍田二丁目、龍田三丁目、龍田四丁目、龍田五丁目、龍田六丁目、龍田七丁目、龍田八丁目、龍田九丁目、太郎迫町、津浦町、鶴羽田町、鶴羽田一丁目、鶴羽田二丁目、鶴羽田三丁目、鶴羽田四丁目、鶴羽田五丁目、徳王町、徳王一丁目、徳王二丁目、西梶尾町、楡木一丁目、楡木二丁目、楡木三丁目、楡木四丁目、楡木五丁目、楡木六丁目、乗越ケ丘、八景水谷一丁目、八景水谷二丁目、八景水谷三丁目、八景水谷四丁目、飛田町、飛田一丁目、飛田二丁目、飛田三丁目、飛田四丁目、万楽寺町、貢町、武蔵ケ丘一丁目、武蔵ケ丘二丁目、武蔵ケ丘三丁目、武蔵ケ丘四丁目、武蔵ケ丘五丁目、武蔵ケ丘六丁目、武蔵ケ丘七丁目、武蔵ケ丘八丁目、武蔵ケ丘九丁目、室園町、明徳町、山室一丁目、山室二丁目、山室三丁目、山室四丁目、山室五丁目、山室六丁目、四方寄町、立福寺町
熊本県2区,熊本県,,熊本市,中央区,第一区に属しない区域
熊本県2区,熊本県,,熊本市,西区,第一区に属しない区域、
熊本県2区,熊本県,,熊本市,南区,会富町、荒尾町、荒尾一丁目、荒尾二丁目、荒尾三丁目、出仲間一丁目、出仲間二丁目、出仲間三丁目、出仲間四丁目、出仲間五丁目、出仲間六丁目、出仲間七丁目、出仲間八丁目、出仲間九丁目、今町、海路口町、薄場町、薄場一丁目、薄場二丁目、薄場三丁目、内田町、江越一丁目、江越二丁目、奥古閑町、上ノ郷一丁目、上ノ郷二丁目、刈草一丁目、刈草二丁目、刈草三丁目、川口町、川尻一丁目、川尻二丁目、川尻三丁目、川尻四丁目、川尻五丁目、川尻六丁目、幸田一丁目、幸田二丁目、合志一丁目、合志二丁目、合志三丁目、合志四丁目、護藤町、島町一丁目、島町二丁目、島町三丁目、島町四丁目、島町五丁目、十禅寺二丁目、十禅寺三丁目、白石町、白藤一丁目、白藤二丁目、白藤三丁目、白藤四丁目、白藤五丁目、砂原町、銭塘町、田井島一丁目、田井島二丁目、田井島三丁目、田迎町大字田井島、田迎町大字良町、田迎一丁目、田迎二丁目、田迎三丁目、田迎四丁目、田迎五丁目、田迎六丁目、近見町、近見一丁目、近見二丁目、近見三丁目、近見四丁目、近見五丁目、近見六丁目、近見七丁目、近見八丁目、近見九丁目、土河原町、鳶町一丁目、鳶町二丁目、中無田町、並建町、野口町、野口一丁目、野口二丁目、野口三丁目、野口四丁目、野田一丁目、野田二丁目、野田三丁目、畠口町、八王寺町、八分字町、浜口町、日吉一丁目、日吉二丁目、平田一丁目、平田二丁目、平成一丁目、平成二丁目、孫代町、馬渡一丁目、馬渡二丁目、美登里町、南高江町、南高江一丁目、南高江二丁目、南高江三丁目、南高江四丁目、南高江五丁目、南高江六丁目、南高江七丁目、御幸木部町、御幸木部一丁目、御幸木部二丁目、御幸木部三丁目、御幸西無田町、御幸西一丁目、御幸西二丁目、御幸西三丁目、御幸西四丁目、御幸笛田町、御幸笛田一丁目、御幸笛田二丁目、御幸笛田三丁目、御幸笛田四丁目、御幸笛田五丁目、御幸笛田六丁目、御幸笛田七丁目、御幸笛田八丁目、無田口町、元三町、元三町一丁目、元三町二丁目、元三町三丁目、元三町四丁目、元三町五丁目、八幡一丁目、八幡二丁目、八幡三丁目、八幡四丁目、八幡五丁目、八幡六丁目、八幡七丁目、八幡八丁目、八幡九丁目、八幡十丁目、八幡十一丁目、良町一丁目、良町二丁目、良町三丁目、良町四丁目、良町五丁目、流通団地一丁目、流通団地二丁目
熊本県2区,熊本県,,,荒尾市,
熊本県2区,熊本県,,,玉名市,
熊本県2区,熊本県,,玉名郡,,
熊本県3区,熊本県,,熊本市,北区,第一区に属しない区域
熊本県3区,熊本県,,,山鹿市,
熊本県3区,熊本県,,,菊池市,
熊本県3区,熊本県,,,阿蘇市,
熊本県3区,熊本県,,,合志市,
熊本県3区,熊本県,,菊池郡,,
熊本県3区,熊本県,,阿蘇郡,,
熊本県3区,熊本県,,上益城郡,山都町,山都町蘇陽総合支所管内
熊本県4区,熊本県,,熊本市,南区,第二区に属しない区域
熊本県4区,熊本県,,,天草市,
熊本県4区,熊本県,,,宇土市,
熊本県4区,熊本県,,,上天草市,
熊本県4区,熊本県,,,宇城市,
熊本県4区,熊本県,,上益城郡,御船町,
熊本県4区,熊本県,,上益城郡,嘉島町,
熊本県4区,熊本県,,上益城郡,益城町,
熊本県4区,熊本県,,上益城郡,甲佐町,
熊本県4区,熊本県,,上益城郡,山都町,第三区に属しない区域
熊本県4区,熊本県,,天草郡,,
熊本県5区,熊本県,,,八代市,
熊本県5区,熊本県,,,人吉市,
熊本県5区,熊本県,,,水俣市,
熊本県5区,熊本県,,下益城郡,,
熊本県5区,熊本県,,八代郡,,
熊本県5区,熊本県,,葦北郡,,
熊本県5区,熊本県,,球磨郡,,
大分県1区,大分県,,,大分市,本庁管内、鶴崎支所管内、大南支所管内、稙田支所管内（大字廻栖野（六百十八番地から七百四十七番地二まで、八百三十番地から八百三十二番地一まで、八百三十三番地一、八百三十三番地三から八百三十六番地三まで、八百三十八番地一から八百三十八番地二まで、八百四十一番地、千五百八十七番地、千五百九十一番地から千六百十八番地まで及び千六百二十番地に限る。）に属する区域を除く。）、大在支所管内、坂ノ市支所管内、明野出張所管内
大分県2区,大分県,,,大分市,第一区に属しない区域
大分県2区,大分県,,,日田市,
大分県2区,大分県,,,佐伯市,
大分県2区,大分県,,,臼杵市,
大分県2区,大分県,,,津久見市,
大分県2区,大分県,,,竹田市,
大分県2区,大分県,,,豊後大野市,
大分県2区,大分県,,,由布市,
大分県2区,大分県,,玖珠郡,,
大分県3区,大分県,,,別府市,
大分県3区,大分県,,,中津市,
大分県3区,大分県,,,豊後高田市,
大分県3区,大分県,,,杵築市,
大分県3区,大分県,,,宇佐市,
大分県3区,大分県,,,国東市,
大分県3区,大分県,,東国東郡,,
大分県3区,大分県,,速見郡,,
宮崎県1区,宮崎県,,,宮崎市,
宮崎県1区,宮崎県,,東諸県郡,,
宮崎県2区,宮崎県,,,延岡市,
宮崎県2区,宮崎県,,,日向市,
宮崎県2区,宮崎県,,,西都市,
宮崎県2区,宮崎県,,児湯郡,,
宮崎県2区,宮崎県,,東臼杵郡,,
宮崎県2区,宮崎県,,西臼杵郡,,
宮崎県3区,宮崎県,,,都城市,
宮崎県3区,宮崎県,,,日南市,
宮崎県3区,宮崎県,,,小林市,
宮崎県3区,宮崎県,,,串間市,
宮崎県3区,宮崎県,,,えびの市,
宮崎県3区,宮崎県,,北諸県郡,,
宮崎県3区,宮崎県,,西諸県郡,,
鹿児島県1区,鹿児島県,,,鹿児島市,本庁管内、伊敷支所管内、東桜島支所管内、吉野支所管内、吉田支所管内、桜島支所管内
鹿児島県1区,鹿児島県,,鹿児島郡,,
鹿児島県2区,鹿児島県,,,鹿児島市,谷山支所管内、喜入支所管内
鹿児島県2区,鹿児島県,,,指宿市,
鹿児島県2区,鹿児島県,,,奄美市,
鹿児島県2区,鹿児島県,,,南九州市,頴娃支所管内
鹿児島県2区,鹿児島県,,大島郡,,
鹿児島県3区,鹿児島県,,,鹿児島市,第一区及び第二区に属しない区域
鹿児島県3区,鹿児島県,,,枕崎市,
鹿児島県3区,鹿児島県,,,薩摩川内市,
鹿児島県3区,鹿児島県,,,日置市,
鹿児島県3区,鹿児島県,,,いちき串木野市,
鹿児島県3区,鹿児島県,,,南さつま市,
鹿児島県3区,鹿児島県,,,南九州市,第二区に属しない区域
鹿児島県3区,鹿児島県,,薩摩郡,,
鹿児島県4区,鹿児島県,,,阿久根市,
鹿児島県4区,鹿児島県,,,出水市,
鹿児島県4区,鹿児島県,,,霧島市,
鹿児島県4区,鹿児島県,,,伊佐市,
鹿児島県4区,鹿児島県,,,姶良市,
鹿児島県4区,鹿児島県,,出水郡,,
鹿児島県4区,鹿児島県,,姶良郡,,
鹿児島県5区,鹿児島県,,,鹿屋市,
鹿児島県5区,鹿児島県,,,西之表市,
鹿児島県5区,鹿児島県,,,垂水市,
鹿児島県5区,鹿児島県,,,曽於市,
鹿児島県5区,鹿児島県,,,志布志市,
鹿児島県5区,鹿児島県,,曽於郡,,
鹿児島県5区,鹿児島県,,肝属郡,,
鹿児島県5区,鹿児島県,,熊毛郡,,
沖縄県1区,沖縄県,,,那覇市,
沖縄県1区,沖縄県,,島尻郡,渡嘉敷村,
沖縄県1区,沖縄県,,島尻郡,座間味村,
沖縄県1区,沖縄県,,島尻郡,粟国村,
沖縄県1区,沖縄県,,島尻郡,渡名喜村,
沖縄県1区,沖縄県,,島尻郡,南大東村,
沖縄県1区,沖縄県,,島尻郡,北大東村,
沖縄県1区,沖縄県,,島尻郡,久米島町,
沖縄県2区,沖縄県,,,宜野湾市,
沖縄県2区,沖縄県,,,浦添市,
沖縄県2区,沖縄県,,中頭郡,,
沖縄県3区,沖縄県,,,名護市,
沖縄県3区,沖縄県,,,沖縄市,
沖縄県3区,沖縄県,,,うるま市,
沖縄県3区,沖縄県,,国頭郡,,
沖縄県3区,沖縄県,,島尻郡,伊平屋村,
沖縄県3区,沖縄県,,島尻郡,伊是名村,
沖縄県4区,沖縄県,,,石垣市,
沖縄県4区,沖縄県,,,糸満市,
沖縄県4区,沖縄県,,,豊見城市,
沖縄県4区,沖縄県,,,宮古島市,
沖縄県4区,沖縄県,,,南城市,
沖縄県4区,沖縄県,,島尻郡,与那原町,
沖縄県4区,沖縄県,,島尻郡,南風原町,
沖縄県4区,沖縄県,,島尻郡,八重瀬町,
沖縄県4区,沖縄県,,宮古郡,,
沖縄県4区,沖縄県,,八重山郡,,
